PRAGMA foreign_keys=OFF;
BEGIN TRANSACTION;
CREATE TABLE modelo_modelo (
  id integer primary key autoincrement,
  nome text,
  observacao text);
INSERT INTO "modelo_modelo" VALUES(1,'main',NULL);
CREATE TABLE conta (
  id integer primary key autoincrement,
  nome text,
  observacao text,
  contabilizavel boolean);
INSERT INTO "conta" VALUES(97,'academia',NULL,0);
INSERT INTO "conta" VALUES(98,'aesa',NULL,0);
INSERT INTO "conta" VALUES(99,'almoco',NULL,0);
INSERT INTO "conta" VALUES(100,'cabelo',NULL,0);
INSERT INTO "conta" VALUES(101,'carteira',NULL,1);
INSERT INTO "conta" VALUES(102,'casa',NULL,0);
INSERT INTO "conta" VALUES(103,'claro - 7653-0794',NULL,0);
INSERT INTO "conta" VALUES(104,'claro - 96587-4452',NULL,0);
INSERT INTO "conta" VALUES(105,'claro tv',NULL,0);
INSERT INTO "conta" VALUES(106,'conferencia',NULL,0);
INSERT INTO "conta" VALUES(107,'coop',NULL,0);
INSERT INTO "conta" VALUES(108,'despesas bancarias',NULL,0);
INSERT INTO "conta" VALUES(109,'diversos',NULL,0);
INSERT INTO "conta" VALUES(110,'emprestimo',NULL,0);
INSERT INTO "conta" VALUES(111,'greenline',NULL,0);
INSERT INTO "conta" VALUES(112,'inss',NULL,0);
INSERT INTO "conta" VALUES(113,'internet',NULL,0);
INSERT INTO "conta" VALUES(114,'itau',NULL,1);
INSERT INTO "conta" VALUES(115,'itau credito',NULL,1);
INSERT INTO "conta" VALUES(116,'lanche',NULL,0);
INSERT INTO "conta" VALUES(117,'luz',NULL,0);
INSERT INTO "conta" VALUES(118,'medico',NULL,0);
INSERT INTO "conta" VALUES(119,'metro',NULL,0);
INSERT INTO "conta" VALUES(120,'salario',NULL,0);
INSERT INTO "conta" VALUES(121,'santander credito',NULL,1);
INSERT INTO "conta" VALUES(122,'semasa',NULL,0);
INSERT INTO "conta" VALUES(123,'vivo',NULL,0);
CREATE TABLE modelo_lancamento (
  id integer primary key autoincrement,
  modeloid integer,
  diavencimento integer,
  contaorigemid integer,
  contadestinoid integer,
  valor double precision,
  observacao text,

  FOREIGN KEY(modeloid) REFERENCES "controlefinanceiro.modelo_modelo"(id),
  FOREIGN KEY(contaorigemid) REFERENCES "controlefinanceiro.conta"(id),
  FOREIGN KEY(contadestinoid) REFERENCES "controlefinanceiro.conta"(id));
INSERT INTO "modelo_lancamento" VALUES(1,1,3,3,19,10.09,NULL);
CREATE TABLE extrato_arquivo
(
  id integer primary key autoincrement,
  conteudo text);
CREATE TABLE extrato_lancamento
(
  id integer primary key autoincrement,
  bancoid integer,
  original text,
  arquivoid integer,

  FOREIGN KEY(bancoid) REFERENCES "controlefinanceiro.conta"(id),
  FOREIGN KEY(arquivoid) REFERENCES "controlefinanceiro.extrato_arquivo"(id));
CREATE TABLE extrato_referenciaextrato (  
  id integer primary key autoincrement,
  contaid integer,
  bancoid integer,
  referencia text,
  n integer,
  FOREIGN KEY(contaid) REFERENCES "controlefinanceiro.conta"(id),
  FOREIGN KEY(bancoid) REFERENCES "controlefinanceiro.conta"(id));
INSERT INTO "extrato_referenciaextrato" VALUES(2,19,3,'IOF',1);
INSERT INTO "extrato_referenciaextrato" VALUES(3,19,3,'TAR MAXICONTA MENS .*',2);
INSERT INTO "extrato_referenciaextrato" VALUES(4,19,3,'LIS/JUROS',3);
INSERT INTO "extrato_referenciaextrato" VALUES(5,19,3,'SEGURO LIS ITAU .*',4);
INSERT INTO "extrato_referenciaextrato" VALUES(6,4,3,'CEI [0-9]{6} DINHEIRO',4);
INSERT INTO "extrato_referenciaextrato" VALUES(7,27,3,'REMUNERACAO/SALARIO',1);
INSERT INTO "extrato_referenciaextrato" VALUES(9,4,3,'CXE [0-9]{6} SAQUE [0-9]{2}/[0-9]{2}',5);
INSERT INTO "extrato_referenciaextrato" VALUES(10,31,3,'RSHOP-PHARMACIA.*',3);
INSERT INTO "extrato_referenciaextrato" VALUES(11,4,3,'SAQUE 24H [0-9]{8}.*',6);
INSERT INTO "extrato_referenciaextrato" VALUES(12,19,3,'TAR DOC ELETRONICO',7);
INSERT INTO "extrato_referenciaextrato" VALUES(13,27,3,'SISPAG STEFANINI CONS L',2);
INSERT INTO "extrato_referenciaextrato" VALUES(14,6,3,'RSHOP-COOP.*',1);
INSERT INTO "extrato_referenciaextrato" VALUES(15,4,3,'CXE [0-9]{6} SAQUE',1);
INSERT INTO "extrato_referenciaextrato" VALUES(16,4,3,'SAQUE CARTAO MAGNETICO',2);
INSERT INTO "extrato_referenciaextrato" VALUES(17,19,3,'TAR SAQUE TERMINAL',5);
INSERT INTO "extrato_referenciaextrato" VALUES(18,4,3,'CEI [0-9]{6} SAQUE [0-9]{2}/[0-9]{2}',3);
INSERT INTO "extrato_referenciaextrato" VALUES(19,24,3,'CXE PRE-PAGO01176530794',1);
INSERT INTO "extrato_referenciaextrato" VALUES(20,8,3,'RSHOP-L M A ALIME-[0-9]{2}/[0-9]{2}',1);
INSERT INTO "extrato_referenciaextrato" VALUES(27,31,3,'.*DROG EXTRA -.*',1);
INSERT INTO "extrato_referenciaextrato" VALUES(28,9,3,'.*MC DONALD S-.*',1);
INSERT INTO "extrato_referenciaextrato" VALUES(29,11,3,'CXE TELEFONICA 561001201',1);
INSERT INTO "extrato_referenciaextrato" VALUES(30,9,3,'.*PADARIA CON-.*',2);
INSERT INTO "extrato_referenciaextrato" VALUES(31,31,3,'.*DROGARIA.*',2);
INSERT INTO "extrato_referenciaextrato" VALUES(32,19,3,'EST LIS/JUROS',6);
INSERT INTO "extrato_referenciaextrato" VALUES(33,10,3,'CXE SEMASA.*',1);
INSERT INTO "extrato_referenciaextrato" VALUES(34,8,3,'RSHOP-CHAMINE BAR-[0-9]{2}/[0-9]{2}',2);
INSERT INTO "extrato_referenciaextrato" VALUES(35,8,3,'RSHOP-ALFANDEGAH -[0-9]{2}/[0-9]{2}',3);
INSERT INTO "extrato_referenciaextrato" VALUES(36,8,3,'RSHOP-GIRASSOL -[0-9]{2}/[0-9]{2}',4);
INSERT INTO "extrato_referenciaextrato" VALUES(37,6,3,'RSHOP-COOP .*',2);
INSERT INTO "extrato_referenciaextrato" VALUES(38,6,3,'RSHOP-DONA DAMA R-RSHOP-DONA DAMA R-',3);
INSERT INTO "extrato_referenciaextrato" VALUES(39,27,3,'SISPAG INT SALARIO',3);
CREATE TABLE lancamento (
  id integer primary key autoincrement,
  lancamentomodeloid integer,
  data date,
  contaorigemid integer,
  contadestinoid integer,
  valor real,
  observacao text,
  n integer,
  extratoid integer,
  FOREIGN KEY(lancamentomodeloid) REFERENCES "controlefinanceiro.modelo_lancamento"(id),
  FOREIGN KEY(contaorigemid) REFERENCES "controlefinanceiro.conta"(id),
  FOREIGN KEY(contadestinoid) REFERENCES "controlefinanceiro.conta"(id),
  FOREIGN KEY(extratoid) REFERENCES "controlefinanceiro.extrato_lancamento"(id));
INSERT INTO "lancamento" VALUES(93,NULL,'26/07/2013',115,108,26.0,'Anuidade do cartão',NULL,NULL);
INSERT INTO "lancamento" VALUES(94,NULL,'30/07/2013',114,106,2072.0,NULL,NULL,NULL);
INSERT INTO "lancamento" VALUES(95,NULL,'30/07/2013',106,115,900.0,NULL,NULL,NULL);
INSERT INTO "lancamento" VALUES(96,NULL,'30/07/2013',115,118,46.42,NULL,NULL,NULL);
INSERT INTO "lancamento" VALUES(97,NULL,'30/07/2013',114,99,13.67,NULL,NULL,NULL);
INSERT INTO "lancamento" VALUES(98,NULL,'30/07/2013',114,116,6.0,'black dog',NULL,NULL);
INSERT INTO "lancamento" VALUES(99,NULL,'31/07/2013',115,114,900.0,NULL,NULL,NULL);
INSERT INTO "lancamento" VALUES(100,NULL,'01/08/2013',114,108,14.1,NULL,NULL,NULL);
INSERT INTO "lancamento" VALUES(101,NULL,'01/08/2013',114,108,30.0,'IOF Estimado',NULL,NULL);
INSERT INTO "lancamento" VALUES(102,NULL,'01/08/2013',106,101,1.65,NULL,NULL,NULL);
INSERT INTO "lancamento" VALUES(103,NULL,'01/08/2013',101,116,1.5,'Pão de queijo',NULL,NULL);
INSERT INTO "lancamento" VALUES(104,NULL,'01/08/2013',114,116,2.0,'Chocolate depois do almoço',NULL,NULL);
INSERT INTO "lancamento" VALUES(105,NULL,'05/08/2013',115,104,28.0,NULL,NULL,NULL);
INSERT INTO "lancamento" VALUES(106,NULL,'05/08/2013',114,119,132.0,NULL,NULL,NULL);
INSERT INTO "lancamento" VALUES(107,NULL,'05/08/2013',114,98,132.0,NULL,NULL,NULL);
INSERT INTO "lancamento" VALUES(108,NULL,'05/08/2013',120,114,4209.0,NULL,NULL,NULL);
INSERT INTO "lancamento" VALUES(109,NULL,'05/08/2013',114,110,1697.06,NULL,NULL,NULL);
INSERT INTO "lancamento" VALUES(110,NULL,'06/08/2013',114,115,0.0,NULL,NULL,NULL);
INSERT INTO "lancamento" VALUES(111,NULL,'10/08/2013',115,113,90.0,NULL,NULL,NULL);
INSERT INTO "lancamento" VALUES(112,NULL,'10/08/2013',115,103,35.5,NULL,NULL,NULL);
INSERT INTO "lancamento" VALUES(113,NULL,'10/08/2013',115,107,550.0,NULL,NULL,NULL);
INSERT INTO "lancamento" VALUES(114,NULL,'11/08/2013',114,121,0.0,NULL,NULL,NULL);
INSERT INTO "lancamento" VALUES(115,NULL,'11/08/2013',115,97,60.0,NULL,NULL,NULL);
INSERT INTO "lancamento" VALUES(116,NULL,'15/08/2013',115,122,36.52,NULL,NULL,NULL);
INSERT INTO "lancamento" VALUES(117,NULL,'15/08/2013',115,112,56.1,NULL,NULL,NULL);
INSERT INTO "lancamento" VALUES(118,NULL,'15/08/2013',115,105,75.0,NULL,NULL,NULL);
INSERT INTO "lancamento" VALUES(119,NULL,'21/08/2013',115,123,41.87,NULL,NULL,NULL);
INSERT INTO "lancamento" VALUES(120,NULL,'25/08/2013',115,117,100.0,NULL,NULL,NULL);
INSERT INTO "lancamento" VALUES(121,NULL,'25/08/2013',114,111,386.63,NULL,NULL,NULL);
INSERT INTO "lancamento" VALUES(122,NULL,'26/08/2013',115,108,26.0,'Anuidade do cartão',NULL,NULL);
INSERT INTO "lancamento" VALUES(123,NULL,'01/09/2013',114,108,14.1,NULL,NULL,NULL);
INSERT INTO "lancamento" VALUES(124,NULL,'05/09/2013',114,104,28.0,NULL,NULL,NULL);
INSERT INTO "lancamento" VALUES(125,NULL,'05/09/2013',114,119,132.0,NULL,NULL,NULL);
INSERT INTO "lancamento" VALUES(126,NULL,'05/09/2013',114,98,132.0,NULL,NULL,NULL);
INSERT INTO "lancamento" VALUES(127,NULL,'05/09/2013',120,114,4209.0,NULL,NULL,NULL);
INSERT INTO "lancamento" VALUES(128,NULL,'05/09/2013',114,110,1697.06,NULL,NULL,NULL);
INSERT INTO "lancamento" VALUES(129,NULL,'06/09/2013',114,115,1072.99,NULL,NULL,NULL);
INSERT INTO "lancamento" VALUES(130,NULL,'10/09/2013',114,113,90.0,NULL,NULL,NULL);
INSERT INTO "lancamento" VALUES(131,NULL,'10/09/2013',114,103,35.5,NULL,NULL,NULL);
INSERT INTO "lancamento" VALUES(132,NULL,'10/09/2013',114,107,550.0,NULL,NULL,NULL);
INSERT INTO "lancamento" VALUES(133,NULL,'11/09/2013',114,121,0.0,NULL,NULL,NULL);
INSERT INTO "lancamento" VALUES(134,NULL,'11/09/2013',114,97,60.0,NULL,NULL,NULL);
INSERT INTO "lancamento" VALUES(135,NULL,'15/09/2013',114,122,36.52,NULL,NULL,NULL);
INSERT INTO "lancamento" VALUES(136,NULL,'15/09/2013',114,112,56.1,NULL,NULL,NULL);
INSERT INTO "lancamento" VALUES(137,NULL,'15/09/2013',114,105,75.0,NULL,NULL,NULL);
INSERT INTO "lancamento" VALUES(138,NULL,'21/09/2013',114,123,41.87,NULL,NULL,NULL);
INSERT INTO "lancamento" VALUES(139,NULL,'25/09/2013',114,117,100.0,NULL,NULL,NULL);
INSERT INTO "lancamento" VALUES(140,NULL,'25/09/2013',114,111,386.63,NULL,NULL,NULL);
INSERT INTO "lancamento" VALUES(141,NULL,'26/09/2013',115,108,26.0,'Anuidade do cartão',NULL,NULL);
CREATE TABLE sequence (seq_name text, seq_count integer);
INSERT INTO "sequence" VALUES('SEQ_GEN',1);
DELETE FROM sqlite_sequence;
INSERT INTO "sqlite_sequence" VALUES('conta',123);
INSERT INTO "sqlite_sequence" VALUES('extrato_arquivo',0);
INSERT INTO "sqlite_sequence" VALUES('extrato_referenciaextrato',39);
INSERT INTO "sqlite_sequence" VALUES('modelo_modelo',1);
INSERT INTO "sqlite_sequence" VALUES('extrato_lancamento',0);
INSERT INTO "sqlite_sequence" VALUES('modelo_lancamento',0);
INSERT INTO "sqlite_sequence" VALUES('lancamento',141);
CREATE VIEW lancamento_ as select lancamento.id, lancamento.n, lancamento.data, contaorigem.id as contaorigemid, contaorigem.nome as contaorigemnome, contadestino.id contadestinoid, contadestino.nome as contadestinonome, lancamento.valor, lancamento.observacao from lancamento left join conta contaorigem on (lancamento.contaorigemid=contaorigem.id) left join conta contadestino on (lancamento.contadestinoid=contadestino.id);
COMMIT;
