PRAGMA foreign_keys=OFF;
BEGIN TRANSACTION;
CREATE TABLE modelo_modelo (
  id integer primary key autoincrement,
  nome text,
  observacao text);
INSERT INTO "modelo_modelo" VALUES(2,'main',NULL);
INSERT INTO "modelo_modelo" VALUES(9,'main-2011/11',NULL);
INSERT INTO "modelo_modelo" VALUES(10,'mainteste',NULL);
INSERT INTO "modelo_modelo" VALUES(11,'main-2012/03',NULL);
INSERT INTO "modelo_modelo" VALUES(12,'teste',NULL);
CREATE TABLE conta (
  id integer primary key autoincrement,
  nome text,
  observacao text,
  contabilizavel boolean);
INSERT INTO "conta" VALUES(1,'santander','Banco: 033
Ag: 4354 (Santo André, Bairro Jardim)
c/c: 01003536-0',1);
INSERT INTO "conta" VALUES(2,'santander-poupanca','Banco: 033
Ag: 4354 (Santo André, Bairro Jardim)
c/p: 600012544',1);
INSERT INTO "conta" VALUES(3,'itau','Banco: ???
Ag: 0646 (De onde?)
c/c:70699-4',1);
INSERT INTO "conta" VALUES(4,'carteira','null',1);
INSERT INTO "conta" VALUES(5,'santander-credito','Number: 4916 7491 3087 5740
Member Since: 10/07
Valid Thru: 03/16',0);
INSERT INTO "conta" VALUES(6,'coop','null',0);
INSERT INTO "conta" VALUES(7,'transporte','Cartão do ônibus de Santo André',0);
INSERT INTO "conta" VALUES(8,'almoco','null',0);
INSERT INTO "conta" VALUES(9,'lanche','null',0);
INSERT INTO "conta" VALUES(10,'semasa','Cappucino
Saldo em carteira= 52.80',0);
INSERT INTO "conta" VALUES(11,'telefonica','null',0);
INSERT INTO "conta" VALUES(13,'livre','null',0);
INSERT INTO "conta" VALUES(14,'cabelo','null',0);
INSERT INTO "conta" VALUES(15,'greenline','null',0);
INSERT INTO "conta" VALUES(16,'diversos','null',0);
INSERT INTO "conta" VALUES(17,'casa','Despesas de casa não-previstas',0);
INSERT INTO "conta" VALUES(18,'conferencia','Conta para valores verificados manualmente',0);
INSERT INTO "conta" VALUES(19,'despesas bancarias','null',0);
INSERT INTO "conta" VALUES(20,'vivo','Modem 3G',0);
INSERT INTO "conta" VALUES(21,'claro-tv','Via Embratel',0);
INSERT INTO "conta" VALUES(22,'inss','INSS da mãe',0);
INSERT INTO "conta" VALUES(23,'luz','null',0);
INSERT INTO "conta" VALUES(24,'celular','null',0);
INSERT INTO "conta" VALUES(25,'embratel-livre','null',0);
INSERT INTO "conta" VALUES(26,'emprestimo','null',0);
INSERT INTO "conta" VALUES(27,'salario','null',0);
INSERT INTO "conta" VALUES(31,'medico','Despesas médicas',0);
INSERT INTO "conta" VALUES(32,'vr','Vale Refeição remanescente da Stefanini',1);
INSERT INTO "conta" VALUES(33,'va','Vale Alimentação remanescente da Stefanini',1);
INSERT INTO "conta" VALUES(34,'oi',NULL,0);
INSERT INTO "conta" VALUES(35,'fretado',NULL,0);
INSERT INTO "conta" VALUES(36,'samsung',NULL,0);
INSERT INTO "conta" VALUES(37,'itau-credito',NULL,0);
INSERT INTO "conta" VALUES(38,'academia',NULL,0);
INSERT INTO "conta" VALUES(39,'trem-metro',NULL,0);
INSERT INTO "conta" VALUES(40,'aesa',NULL,0);
INSERT INTO "conta" VALUES(41,'desconhecido',NULL,0);
CREATE TABLE modelo_lancamento (
  id integer primary key autoincrement,
  modeloid integer,
  diavencimento integer,
  contaorigemid integer,
  contadestinoid integer,
  valor double precision,
  observacao text,

  FOREIGN KEY(modeloid) REFERENCES "controlefinanceiro.modelo_modelo"(id),
  FOREIGN KEY(contaorigemid) REFERENCES "controlefinanceiro.conta"(id),
  FOREIGN KEY(contadestinoid) REFERENCES "controlefinanceiro.conta"(id));
INSERT INTO "modelo_lancamento" VALUES(19,2,3,3,19,10.09,NULL);
INSERT INTO "modelo_lancamento" VALUES(23,2,10,3,6,500.0,'Despesa variável');
INSERT INTO "modelo_lancamento" VALUES(24,2,15,3,21,71.34,NULL);
INSERT INTO "modelo_lancamento" VALUES(25,2,15,3,22,56.1,NULL);
INSERT INTO "modelo_lancamento" VALUES(26,2,15,3,23,150.0,'Valor variável');
INSERT INTO "modelo_lancamento" VALUES(30,2,15,3,10,36.48,NULL);
INSERT INTO "modelo_lancamento" VALUES(31,2,25,3,15,341.4,NULL);
INSERT INTO "modelo_lancamento" VALUES(51,9,3,3,19,9.9,NULL);
INSERT INTO "modelo_lancamento" VALUES(53,9,10,1,19,5.67,'Extrato: Mensalidade');
INSERT INTO "modelo_lancamento" VALUES(54,9,10,1,19,4.95,'Extrato: Tarifa de Serviços Universitários');
INSERT INTO "modelo_lancamento" VALUES(56,9,15,3,21,61.63,'Conferir Extrato (em débito automático)');
INSERT INTO "modelo_lancamento" VALUES(57,9,15,3,22,56.1,NULL);
INSERT INTO "modelo_lancamento" VALUES(58,9,15,3,23,150.0,'Valor variável');
INSERT INTO "modelo_lancamento" VALUES(60,9,20,1,19,2.5,'Extrato: Tarifa Extrato Unificado Papel');
INSERT INTO "modelo_lancamento" VALUES(61,9,25,3,10,32.0,NULL);
INSERT INTO "modelo_lancamento" VALUES(62,9,25,3,15,317.04,NULL);
INSERT INTO "modelo_lancamento" VALUES(63,9,5,1,24,35.0,NULL);
INSERT INTO "modelo_lancamento" VALUES(64,9,10,1,26,1124.96,'Novembro é a última parcela');
INSERT INTO "modelo_lancamento" VALUES(65,9,10,1,26,423.5,'Até 06/2012');
INSERT INTO "modelo_lancamento" VALUES(66,9,4,3,20,59.9,NULL);
INSERT INTO "modelo_lancamento" VALUES(67,9,16,3,25,23.9,NULL);
INSERT INTO "modelo_lancamento" VALUES(69,9,4,27,3,859.07,NULL);
INSERT INTO "modelo_lancamento" VALUES(70,9,6,27,3,352.8,NULL);
INSERT INTO "modelo_lancamento" VALUES(71,9,20,27,3,994.25,NULL);
INSERT INTO "modelo_lancamento" VALUES(72,9,31,27,3,116.0,NULL);
INSERT INTO "modelo_lancamento" VALUES(77,10,3,3,19,9.9,NULL);
INSERT INTO "modelo_lancamento" VALUES(78,10,10,1,19,5.67,'Extrato: Mensalidade');
INSERT INTO "modelo_lancamento" VALUES(79,10,10,1,19,4.95,'Extrato: Tarifa de Serviços Universitários');
INSERT INTO "modelo_lancamento" VALUES(80,10,15,3,21,61.63,'Conferir Extrato (em débito automático)');
INSERT INTO "modelo_lancamento" VALUES(81,10,15,3,22,56.1,NULL);
INSERT INTO "modelo_lancamento" VALUES(82,10,15,3,23,150.0,'Valor variável');
INSERT INTO "modelo_lancamento" VALUES(83,10,20,1,19,2.5,'Extrato: Tarifa Extrato Unificado Papel');
INSERT INTO "modelo_lancamento" VALUES(84,10,25,3,10,32.0,NULL);
INSERT INTO "modelo_lancamento" VALUES(85,10,25,3,15,317.04,NULL);
INSERT INTO "modelo_lancamento" VALUES(86,10,5,1,24,35.0,NULL);
INSERT INTO "modelo_lancamento" VALUES(88,10,10,1,26,423.5,'Até 06/2012');
INSERT INTO "modelo_lancamento" VALUES(89,10,4,3,20,59.9,NULL);
INSERT INTO "modelo_lancamento" VALUES(90,10,16,3,25,23.9,NULL);
INSERT INTO "modelo_lancamento" VALUES(95,10,2,3,34,29.9,'Velox 3G');
INSERT INTO "modelo_lancamento" VALUES(96,10,30,27,3,3200.0,NULL);
INSERT INTO "modelo_lancamento" VALUES(98,2,1,27,3,3316.0,NULL);
INSERT INTO "modelo_lancamento" VALUES(100,2,11,3,5,59.36,'Computador da Thais (até dez/2012)');
INSERT INTO "modelo_lancamento" VALUES(103,11,1,17,4,60.0,'Computador da Thais (até dez/2012)');
INSERT INTO "modelo_lancamento" VALUES(104,11,2,3,34,29.9,NULL);
INSERT INTO "modelo_lancamento" VALUES(105,11,3,3,19,9.9,NULL);
INSERT INTO "modelo_lancamento" VALUES(107,11,10,1,26,423.5,'Até 06/2012');
INSERT INTO "modelo_lancamento" VALUES(108,11,10,1,31,290.0,'Aplicação de finasteride');
INSERT INTO "modelo_lancamento" VALUES(109,11,10,1,19,5.67,'Extrato: Mensalidade');
INSERT INTO "modelo_lancamento" VALUES(110,11,10,1,19,4.95,'Extrato: Tarifa de Serviços Universitários');
INSERT INTO "modelo_lancamento" VALUES(112,11,11,3,5,59.36,'Computador da Thais (até dez/2012)');
INSERT INTO "modelo_lancamento" VALUES(113,11,15,3,21,61.63,'Conferir Extrato (em débito automático)');
INSERT INTO "modelo_lancamento" VALUES(114,11,15,3,22,56.1,NULL);
INSERT INTO "modelo_lancamento" VALUES(115,11,15,3,23,150.0,'Valor variável');
INSERT INTO "modelo_lancamento" VALUES(116,11,16,3,25,23.9,NULL);
INSERT INTO "modelo_lancamento" VALUES(117,11,20,1,19,2.5,'Extrato: Tarifa Extrato Unificado Papel');
INSERT INTO "modelo_lancamento" VALUES(118,11,25,3,15,317.04,NULL);
INSERT INTO "modelo_lancamento" VALUES(119,11,25,3,10,32.0,NULL);
INSERT INTO "modelo_lancamento" VALUES(121,11,30,27,3,3200.0,NULL);
INSERT INTO "modelo_lancamento" VALUES(122,11,10,1,31,600.0,'Ch 010106 - Botox 2/3');
INSERT INTO "modelo_lancamento" VALUES(123,11,10,3,16,155.0,'Pagamento seguro Galaxy 2/2');
INSERT INTO "modelo_lancamento" VALUES(124,12,1,17,4,60.0,'Computador da Thais (até dez/2012)');
INSERT INTO "modelo_lancamento" VALUES(125,12,2,3,34,29.9,NULL);
INSERT INTO "modelo_lancamento" VALUES(126,12,3,3,19,9.9,NULL);
INSERT INTO "modelo_lancamento" VALUES(127,12,10,1,26,423.5,'Até 06/2012');
INSERT INTO "modelo_lancamento" VALUES(128,12,10,1,31,290.0,'Aplicação de finasteride');
INSERT INTO "modelo_lancamento" VALUES(129,12,10,1,19,5.67,'Extrato: Mensalidade');
INSERT INTO "modelo_lancamento" VALUES(130,12,10,1,19,4.95,'Extrato: Tarifa de Serviços Universitários');
INSERT INTO "modelo_lancamento" VALUES(131,12,10,1,6,500.0,'Despesa variável');
INSERT INTO "modelo_lancamento" VALUES(132,12,11,3,5,59.36,'Computador da Thais (até dez/2012)');
INSERT INTO "modelo_lancamento" VALUES(133,12,15,3,21,61.63,'Conferir Extrato (em débito automático)');
INSERT INTO "modelo_lancamento" VALUES(134,12,15,3,22,56.1,NULL);
INSERT INTO "modelo_lancamento" VALUES(135,12,15,3,23,150.0,'Valor variável');
INSERT INTO "modelo_lancamento" VALUES(136,12,16,3,25,23.9,NULL);
INSERT INTO "modelo_lancamento" VALUES(137,12,20,1,19,2.5,'Extrato: Tarifa Extrato Unificado Papel');
INSERT INTO "modelo_lancamento" VALUES(138,12,25,3,10,32.0,NULL);
INSERT INTO "modelo_lancamento" VALUES(139,12,25,3,15,317.04,NULL);
INSERT INTO "modelo_lancamento" VALUES(140,12,30,27,3,3200.0,NULL);
INSERT INTO "modelo_lancamento" VALUES(141,12,1,3,4,100.0,NULL);
INSERT INTO "modelo_lancamento" VALUES(142,2,20,3,11,39.9,NULL);
INSERT INTO "modelo_lancamento" VALUES(143,2,5,4,40,127.6,'$5.80*22 dias úteis');
INSERT INTO "modelo_lancamento" VALUES(145,2,26,3,24,40.0,'Linha 7653-0794 (Vivo), conferir o valor quando a conta chegar.');
INSERT INTO "modelo_lancamento" VALUES(146,2,5,3,35,300.0,'Confirmar o vencimento');
INSERT INTO "modelo_lancamento" VALUES(147,2,1,3,38,120.0,'Verificar o dia de vencimento');
CREATE TABLE extrato_arquivo
(
  id integer primary key autoincrement,
  conteudo text);
INSERT INTO "extrato_arquivo" VALUES(5,'19/12/2011		CHEQUE EMITIDO/DEBITADO	010098		-290,00	-453,58
21/12/2011		TARIFA EXTRATO CONSOLIDADO 19/12/2011	000000		-3,10	-456,68
22/12/2011		DEPOSITO EM DINHEIRO NO ATM	241550		120,00	 
22/12/2011		DEPOSITO EM DINHEIRO NO ATM	949111		350,00	13,32
');
INSERT INTO "extrato_arquivo" VALUES(6,'16/12			SDO CTA/APL AUTOMATICAS				1.589,84	
19/12			SDO CTA/APL AUTOMATICAS				1.589,86	
20/12			CXE 001305 SAQUE	3009	240,00	-		
20/12			CXE TELEFONICA 561001201	3009	68,97	-		
20/12			SDO CTA/APL AUTOMATICAS				1.280,90	
21/12			CXE 001412 SAQUE	7619	350,00	-		
21/12			SDO CTA/APL AUTOMATICAS				930,90	
22/12			SDO CTA/APL AUTOMATICAS				930,90	
23/12	D		CXE PAG TIT BANCO 033	1514	317,04	-		
23/12			SDO CTA/APL AUTOMATICAS				613,87	
26/12			RSHOP-PHARMACIA E-23/12	5934	87,30	-		
26/12			SDO CTA/APL AUTOMATICAS				526,56
');
INSERT INTO "extrato_arquivo" VALUES(7,'27/12			CEI 000011 DINHEIRO	2958	100,00			
27/12			SDO CTA/APL AUTOMATICAS				626,58	
28/12			CXE 000372 SAQUE	8754	30,00	-		
28/12			REMUNERACAO/SALARIO	910	1.535,20			
28/12			SDO CTA/APL AUTOMATICAS				2.131,77	
29/12			SDO CTA/APL AUTOMATICAS				2.131,78	
30/12			SDO CTA/APL AUTOMATICAS				2.131,78
');
INSERT INTO "extrato_arquivo" VALUES(9,'02/01/2012		JUROS CONTRATUAIS SOBRE LIMITE PERIODO: 01/12 A 31/12/11	000000		-8,55	 
02/01/2012		IOF IMPOSTO OPERACOES FINANCEIRAS PERIODO: 01/12 A 31/12/11	000000		-0,14	 
02/01/2012		IOF ADICIONAL - AUTOMATICO PERIODO: 01/12 A 31/12/11	000000		-1,85	2,78
05/01/2012		DEBITO AUTOMATICO TELEFONE CELULAR CLARO SP DDD 11	000000		-35,00	-32,22
06/01/2012		DEPOSITO EM DINHEIRO NO ATM	071500		550,00	517,78
');
INSERT INTO "extrato_arquivo" VALUES(10,'10/01/2012		PREST EMPRESTIMOS/FINANCIAMENTOS	010130		-423,50	 
10/01/2012		TARIFA MENSALIDADE PACOTE SERVICOS DEZEMBRO / 2011	000000		-4,95	 
10/01/2012		DEPOSITO EM DINHEIRO NO ATM	755540		220,00	309,33
11/01/2012		DEBITO FATURA CARTAO CREDITO 11/01 08:53 CARTAO VISA	000000		-173,89	 
11/01/2012		ANUIDADE DIFERENCIADA VISA TIT.	000000		-5,67	129,77
12/01/2012		CHEQUE EMITIDO/DEBITADO	010099		-290,00	-160,23
16/01/2012		DEBITO AUTOM CTA ENERGIA ELETRICA AES ELETROPAULO	000000		-130,66	 
16/01/2012		DEBITO AUTOM CONTA DE TELEFONE EMBRATEL TV SAT	000000		-68,16	-359,05
');
INSERT INTO "extrato_arquivo" VALUES(11,'02/01			SDO CTA/APL AUTOMATICAS				2.131,81	
03/01			SDO CTA/APL AUTOMATICAS				2.131,81	
04/01			CEI 000012 DINHEIRO	3009	80,00			
04/01			SDO CTA/APL AUTOMATICAS				2.211,81	
05/01			SDO CTA/APL AUTOMATICAS				2.211,93	
06/01			CXE 000117 SAQUE	7619	550,00	-		
06/01			SDO CTA/APL AUTOMATICAS				1.661,95	
09/01			RSHOP-PHARMACIA E-07/01	5934	105,30	-		
09/01			CXE VIVO-SP 2074425978	3009	11,98	-		
09/01			SDO CTA/APL AUTOMATICAS				1.544,68	
10/01			CXE 000604 SAQUE	7619	240,00	-		
10/01			SDO CTA/APL AUTOMATICAS				1.304,69	
11/01			SDO CTA/APL AUTOMATICAS				1.304,68	
12/01			SDO CTA/APL AUTOMATICAS				1.304,69	
13/01			REMUNERACAO/SALARIO	910	1.720,00			
13/01			SDO CTA/APL AUTOMATICAS				3.024,70	
14/01			CXE 001537 SAQUE 14/01	9360	50,00	-		
14/01			S A L D O				100,00
');
INSERT INTO "extrato_arquivo" VALUES(12,'16/01			CXE 000042 SAQUE	7619	20,00	-		
16/01			CXE 001537 SAQUE 14/01	9360	50,00	-		
16/01			SDO CTA/APL AUTOMATICAS				2.954,72	
17/01			SDO CTA/APL AUTOMATICAS				2.954,72	
18/01			CH COMPENSADO 237 000001	5939	179,00	-		
18/01			RSHOP-MARLI MARIN-17/01	5934	226,00	-		
18/01			SDO CTA/APL AUTOMATICAS				2.549,74	
19/01			CXE 000257 SAQUE	7619	20,00	-		
19/01			SDO CTA/APL AUTOMATICAS				2.529,77	
20/01			CXE SEMASA 01176141	7619	32,33	-		
20/01			SDO CTA/APL AUTOMATICAS				2.497,45	
23/01			SDO CTA/APL AUTOMATICAS				2.497,46
');
INSERT INTO "extrato_arquivo" VALUES(13,'16/01/2012		CHEQUE EMITIDO/DEBITADO	010103		-320,00	-679,05
');
INSERT INTO "extrato_arquivo" VALUES(14,'24/01			SDO CTA/APL AUTOMATICAS				2.497,47	
26/01			CXE 000539 SAQUE	7619	300,00	-		
26/01			CXE 000786 SAQUE 25/01	3009	550,00	-		
26/01			RSHOP-FRAN S CAFE-25/01	5934	12,54	-		
26/01			RSHOP-PHARMACIA E-25/01	5934	40,00	-		
26/01			CXE PAG TIT 112644620463	3009	317,04	-		
26/01			SDO CTA/APL AUTOMATICAS				1.277,93	
27/01			SDO CTA/APL AUTOMATICAS				1.277,93	
30/01			REMUNERACAO/SALARIO		2.836,05			
30/01			S A L D O				2.846,05	
');
INSERT INTO "extrato_arquivo" VALUES(15,'24/01/2012		CHEQUE EMITIDO/DEBITADO	010104		-150,00	-829,05
25/01/2012		TARIFA EXTRATO CONSOLIDADO 23/01/2012	000000		-3,10	-832,15
26/01/2012		DEPOSITO EM DINHEIRO NO ATM	760654		550,00	 
26/01/2012		DEPOSITO EM DINHEIRO NO ATM	844265		300,00	17,85
');
INSERT INTO "extrato_arquivo" VALUES(16,'');
INSERT INTO "extrato_arquivo" VALUES(18,'23/04	D		CH COMPENSADO 033 000008	5939	1.100,00	-		
23/04			CXE 002592 SAQUE	6874	40,00	-		
23/04			RSHOP-CHAMINE BAR-20/04	5934	19,90	-		
23/04			SDO CTA/APL AUTOMATICAS				8.391,84	
24/04			RSHOP-CHAMINE BAR-23/04	5934	15,60	-		
24/04			CXE PAG TIT 112883623798	6874	341,40	-		
24/04			SDO CTA/APL AUTOMATICAS				8.034,94	
25/04			RSHOP-GIRASSOL -24/04	5934	13,72	-		
25/04			SDO CTA/APL AUTOMATICAS				8.021,30	
26/04			RSHOP-MICHELLINA -25/04	5934	13,90	-		
26/04			SDO CTA/APL AUTOMATICAS				8.007,48	
27/04			RSHOP-CHAMINE BAR-26/04	5934	16,60	-		
27/04			SDO CTA/APL AUTOMATICAS				7.990,99	
28/04			CXE 000745 SAQUE 28/04	20	100,00	-		
');
INSERT INTO "extrato_arquivo" VALUES(21,'20/07			SDO CTA/APL AUTOMATICAS				9.653,75	
23/07			RSHOP-BELLA PAULI-22/07	5934	46,20	-		
23/07			RSHOP-BOB S PAULI-22/07	5934	10,00	-		
23/07			RSHOP-R P C CAFE -21/07	5934	6,90	-		
23/07			SAQUE 24H 23149677 22/07	5086	70,00	-		
23/07			SDO CTA/APL AUTOMATICAS				9.520,75	
24/07			SDO CTA/APL AUTOMATICAS				9.520,86	
25/07			RSHOP-BURGER KING-24/07	5934	11,90	-		
25/07			RSHOP-MATE TODO S-24/07	5934	4,90	-		
25/07			SDO CTA/APL AUTOMATICAS				9.504,14	
26/07			RSHOP-ILHA CAFE -25/07	5934	5,60	-		
26/07			SDO CTA/APL AUTOMATICAS				9.498,64	
27/07			RSHOP-SUBWAY PUC -26/07	5934	10,75	-		
27/07			RSHOP-SUBWAY PUC -26/07	5934	2,00	-		
27/07			SDO CTA/APL AUTOMATICAS				9.485,98	
30/07			RSHOP-COISARIA -27/07		20,00	-		
30/07			RSHOP-ESPACO 32 -27/07		23,20	-		
30/07			RSHOP-GRIFFE PUCR-28/07	6501	11,50	-		
30/07			RSHOP-BIFE -28/07	6509	41,80	-		
30/07			RSHOP-BURGER KING-29/07	6509	11,90	-		
30/07			RSHOP-COOP 12 VL -29/07	6501	12,40	-		
30/07			S A L D O				110,80	-
');
CREATE TABLE extrato_lancamento
(
  id integer primary key autoincrement,
  bancoid integer,
  original text,
  arquivoid integer,

  FOREIGN KEY(bancoid) REFERENCES "controlefinanceiro.conta"(id),
  FOREIGN KEY(arquivoid) REFERENCES "controlefinanceiro.extrato_arquivo"(id));
INSERT INTO "extrato_lancamento" VALUES(274,1,'06/09/2011		SALDO ANTERIOR			 	302,35',3);
INSERT INTO "extrato_lancamento" VALUES(275,1,'08/09/2011		SAQUE ATM INTERAGENCIA	500729		-20,00	 ',3);
INSERT INTO "extrato_lancamento" VALUES(276,1,'08/09/2011		DEBITO VISA ELECTRON BRASIL 07/09 CASA DO PA	284375		-4,90	 ',3);
INSERT INTO "extrato_lancamento" VALUES(277,1,'08/09/2011		SAQUE ATM INTERAGENCIA	500119		-20,00	257,45',3);
INSERT INTO "extrato_lancamento" VALUES(278,1,'12/09/2011		PREST EMPRESTIMOS/FINANCIAMENTOS	007070		-1.124,96	 ',3);
INSERT INTO "extrato_lancamento" VALUES(279,1,'12/09/2011		TARIFA MENSALIDADE PACOTE SERVICOS AGOSTO / 2011	000000		-4,95	 ',3);
INSERT INTO "extrato_lancamento" VALUES(280,1,'12/09/2011		DEBITO VISA ELECTRON BRASIL 10/09 KALUNGA AB	123575		-2,82	 ',3);
INSERT INTO "extrato_lancamento" VALUES(281,1,'12/09/2011		SAQUE NO BANCO 24 HORAS	555792		-80,00	 ',3);
INSERT INTO "extrato_lancamento" VALUES(282,1,'12/09/2011		SAQUE ATM INTERAGENCIA	500562		-20,00	 ',3);
INSERT INTO "extrato_lancamento" VALUES(283,1,'12/09/2011		ANUIDADE DIFERENCIADA VISA TIT.	000000		-5,67	-980,95',3);
INSERT INTO "extrato_lancamento" VALUES(284,1,'13/09/2011		DEBITO VISA ELECTRON BRASIL 13/09 BOB.S.PAUL	192875		-4,00	-984,95',3);
INSERT INTO "extrato_lancamento" VALUES(285,1,'14/09/2011		DEBITO VISA ELECTRON BRASIL 14/09 MISTER SHE	261675		-9,90	 ',3);
INSERT INTO "extrato_lancamento" VALUES(286,1,'14/09/2011		PGTO DE TITULOS OUTROS BANCOS-BCE PGTO ATM AG: 0725	682830		-593,70	-1.588,55',3);
INSERT INTO "extrato_lancamento" VALUES(287,1,'15/09/2011		DEBITO AUTOM CTA ENERGIA ELETRICA AES ELETROPAULO	000000		-133,06	 ',3);
INSERT INTO "extrato_lancamento" VALUES(288,1,'15/09/2011		DEBITO AUTOM CONTA DE TELEFONE EMBRATEL TV SAT	000000		-68,16	 ',3);
INSERT INTO "extrato_lancamento" VALUES(289,1,'15/09/2011		DEBITO VISA ELECTRON BRASIL 15/09 LISBOA GRI	142275		-14,74	-1.804,51',3);
INSERT INTO "extrato_lancamento" VALUES(290,1,'16/09/2011		DEBITO AUTOM CONTA DE TELEFONE EBT LIVRE SP	000000		-26,89	 ',3);
INSERT INTO "extrato_lancamento" VALUES(291,1,'16/09/2011		SAQUE NO BANCO 24 HORAS	305027		-20,00	-1.851,40',3);
INSERT INTO "extrato_lancamento" VALUES(292,1,'19/09/2011		SAQUE NO BANCO 24 HORAS	059030		-20,00	 ',3);
INSERT INTO "extrato_lancamento" VALUES(293,1,'19/09/2011		SAQUE ATM INTERAGENCIA	500119		-20,00	 ',3);
INSERT INTO "extrato_lancamento" VALUES(294,1,'19/09/2011		DEBITO VISA ELECTRON BRASIL 19/09 GRAEX LOJA	530475		-3,00	-1.894,40',3);
INSERT INTO "extrato_lancamento" VALUES(295,1,'20/09/2011		CHEQUE EMITIDO/DEBITADO	010096		-40,00	-1.934,40',3);
INSERT INTO "extrato_lancamento" VALUES(296,1,'21/09/2011		TARIFA EXTRATO CONSOLIDADO 19/09/2011	000000		-3,10	 ',3);
INSERT INTO "extrato_lancamento" VALUES(297,1,'21/09/2011		SAQUE COM CARTAO PARA PAGAMENTOS	240119		-278,17	-2.215,67',3);
INSERT INTO "extrato_lancamento" VALUES(298,1,'22/09/2011		CREDITO CONTRATADO NO BCO ELETR	000000		2.600,00	 ',3);
INSERT INTO "extrato_lancamento" VALUES(299,1,'22/09/2011		SAQUE ATM INTERAGENCIA	500119		-20,00	364,33',3);
INSERT INTO "extrato_lancamento" VALUES(300,1,'23/09/2011		SAQUE ATM INTERAGENCIA	500119		-20,00	344,33',3);
INSERT INTO "extrato_lancamento" VALUES(301,1,'26/09/2011		SAQUE ATM INTERAGENCIA	503294		-20,00	324,33',3);
INSERT INTO "extrato_lancamento" VALUES(302,1,'27/09/2011		TARIFA SAQUE TERMINAL 24/09/2011	000000		-2,10	322,23',3);
INSERT INTO "extrato_lancamento" VALUES(303,1,'28/09/2011		SAQUE ATM INTERAGENCIA	500119		-20,00	302,23',3);
INSERT INTO "extrato_lancamento" VALUES(304,1,'29/09/2011		SAQUE ATM INTERAGENCIA	500119		-20,00	282,23',3);
INSERT INTO "extrato_lancamento" VALUES(305,1,'30/09/2011		TARIFA SAQUE TERMINAL 28/09/2011	000000		-2,10	280,13',3);
INSERT INTO "extrato_lancamento" VALUES(306,1,'03/10/2011		TARIFA SAQUE TERMINAL 29/09/2011	000000		-2,10	 ',3);
INSERT INTO "extrato_lancamento" VALUES(307,1,'03/10/2011		SAQUE NO BANCO 24 HORAS	229143		-20,00	 ',3);
INSERT INTO "extrato_lancamento" VALUES(308,1,'03/10/2011		SAQUE NO BANCO 24 HORAS	144434		-20,00	 ',3);
INSERT INTO "extrato_lancamento" VALUES(309,1,'03/10/2011		DEBITO VISA ELECTRON BRASIL 03/10 GRAEX LOJA	191975		-3,00	 ',3);
INSERT INTO "extrato_lancamento" VALUES(310,1,'03/10/2011		SAQUE ATM INTERAGENCIA	500119		-20,00	 ',3);
INSERT INTO "extrato_lancamento" VALUES(311,1,'03/10/2011		DEBITO VISA ELECTRON BRASIL 03/10 GRAEX LOJA	570275		-3,00	 ',3);
INSERT INTO "extrato_lancamento" VALUES(312,1,'03/10/2011		IOF IMPOSTO OPERACOES FINANCEIRAS PERIODO: 01/09 A 30/09/11	000000		-1,39	 ',3);
INSERT INTO "extrato_lancamento" VALUES(313,1,'03/10/2011		IOF ADICIONAL - AUTOMATICO PERIODO: 01/09 A 30/09/11	000000		-8,38	202,26',3);
INSERT INTO "extrato_lancamento" VALUES(314,1,'05/10/2011		DEBITO AUTOMATICO TELEFONE CELULAR CLARO SP DDD 11	000000		-35,00	 ',3);
INSERT INTO "extrato_lancamento" VALUES(315,1,'05/10/2011		DEBITO VISA ELECTRON BRASIL 05/10 GRAEX LOJA	300975		-3,00	 ',3);
INSERT INTO "extrato_lancamento" VALUES(316,1,'05/10/2011		SAQUE ATM INTERAGENCIA	500119		-20,00	144,26',3);
INSERT INTO "extrato_lancamento" VALUES(317,1,'07/10/2011		SAQUE ATM INTERAGENCIA	500119		-20,00	124,26',3);
INSERT INTO "extrato_lancamento" VALUES(318,1,'10/10/2011		PREST EMPRESTIMOS/FINANCIAMENTOS	007070		-1.124,96	 ',3);
INSERT INTO "extrato_lancamento" VALUES(319,1,'10/10/2011		TARIFA MENSALIDADE PACOTE SERVICOS SETEMBRO / 2011	000000		-4,95	 ',3);
INSERT INTO "extrato_lancamento" VALUES(320,1,'10/10/2011		SAQUE ATM INTERAGENCIA	500110		-60,00	 ',3);
INSERT INTO "extrato_lancamento" VALUES(321,1,'10/10/2011		SAQUE NO BANCO 24 HORAS	849243		-20,00	 ',3);
INSERT INTO "extrato_lancamento" VALUES(322,1,'10/10/2011		DEBITO VISA ELECTRON BRASIL 10/10 L.M.A ALIM	550475		-10,26	-1.095,91',3);
INSERT INTO "extrato_lancamento" VALUES(323,1,'11/10/2011		DEBITO FATURA CARTAO CREDITO 11/10 18:11 CARTAO VISA	000000		-982,32	 ',3);
INSERT INTO "extrato_lancamento" VALUES(324,1,'11/10/2011		SAQUE NO BANCO 24 HORAS	332630		-20,00	 ',3);
INSERT INTO "extrato_lancamento" VALUES(325,1,'11/10/2011		ANUIDADE DIFERENCIADA VISA TIT.	000000		-5,67	-2.103,90',3);
INSERT INTO "extrato_lancamento" VALUES(326,1,'17/10/2011		SAQUE NO BANCO 24 HORAS	722318		-20,00	 ',3);
INSERT INTO "extrato_lancamento" VALUES(327,1,'17/10/2011		SAQUE NO BANCO 24 HORAS	722353		-60,00	 ',3);
INSERT INTO "extrato_lancamento" VALUES(328,1,'17/10/2011		DEBITO AUTOM CTA ENERGIA ELETRICA AES ELETROPAULO	000000		-126,40	 ',3);
INSERT INTO "extrato_lancamento" VALUES(329,1,'17/10/2011		DEBITO AUTOM CONTA DE TELEFONE EMBRATEL TV SAT	000000		-68,16	 ',3);
INSERT INTO "extrato_lancamento" VALUES(330,1,'17/10/2011		SAQUE ATM INTERAGENCIA	500119		-20,00	 ',3);
INSERT INTO "extrato_lancamento" VALUES(331,1,'17/10/2011		DEBITO VISA ELECTRON BRASIL 17/10 GRAEX LOJA	151975		-4,20	-2.402,66',3);
INSERT INTO "extrato_lancamento" VALUES(332,1,'18/10/2011		DEPOSITO EM DINHEIRO NO ATM	863173		550,00	 ',3);
INSERT INTO "extrato_lancamento" VALUES(333,1,'18/10/2011		SAQUE NO BANCO 24 HORAS	943200		-20,00	-1.872,66',3);
INSERT INTO "extrato_lancamento" VALUES(334,1,'19/10/2011		TARIFA SAQUE TERMINAL 16/10/2011	000000		-2,10	 ',3);
INSERT INTO "extrato_lancamento" VALUES(335,1,'19/10/2011		CONTA DE AGUA E ESGOTO EM CANAIS ATM SEMASA SANTO ANDRE	657121		-36,43	 ',3);
INSERT INTO "extrato_lancamento" VALUES(336,1,'19/10/2011		PGTO CONTA DE TELEFONE EM CANAIS ATM TELEFONICA	657124		-28,05	 ',3);
INSERT INTO "extrato_lancamento" VALUES(337,1,'19/10/2011		PAGAMENTO CONTA CELULAR EM CANAIS ATM VIVO SP	657127		-59,90	 ',3);
INSERT INTO "extrato_lancamento" VALUES(338,1,'19/10/2011		PAGAMENTO CONTA CELULAR EM CANAIS ATM EBT LIVRE SP	657130		-28,86	 ',3);
INSERT INTO "extrato_lancamento" VALUES(339,1,'19/10/2011		DEPOSITO EM DINHEIRO NO ATM	335999		550,00	-1.478,00',3);
INSERT INTO "extrato_lancamento" VALUES(340,1,'20/10/2011		TARIFA EXTRATO CONSOLIDADO 18/10/2011	000000		-3,10	 ',3);
INSERT INTO "extrato_lancamento" VALUES(341,1,'20/10/2011		DEBITO VISA ELECTRON BRASIL 20/10 L.M.A ALIM	521575		-17,63	 ',3);
INSERT INTO "extrato_lancamento" VALUES(342,1,'20/10/2011		DEPOSITO EM DINHEIRO NO CAIXA	165102		550,00	-948,73',3);
INSERT INTO "extrato_lancamento" VALUES(343,1,'21/10/2011		TARIFA SAQUE TERMINAL 18/10/2011	000000		-2,10	 ',3);
INSERT INTO "extrato_lancamento" VALUES(344,1,'21/10/2011		DEBITO VISA ELECTRON BRASIL 21/10 L.M.A ALIM	042775		-13,88	 ',3);
INSERT INTO "extrato_lancamento" VALUES(345,1,'21/10/2011		DEPOSITO EM DINHEIRO NO ATM	863503		550,00	-414,71',3);
INSERT INTO "extrato_lancamento" VALUES(346,1,'24/10/2011		SAQUE ATM INTERAGENCIA	500119		-30,00	 ',3);
INSERT INTO "extrato_lancamento" VALUES(347,1,'24/10/2011		DEBITO VISA ELECTRON BRASIL 22/10 BOB.S.PAUL	501375		-9,75	 ',3);
INSERT INTO "extrato_lancamento" VALUES(348,1,'24/10/2011		DEBITO VISA ELECTRON BRASIL 22/10 BOB.S.PAUL	581375		-8,00	 ',3);
INSERT INTO "extrato_lancamento" VALUES(349,1,'24/10/2011		DEBITO VISA ELECTRON BRASIL 24/10 L.M.A ALIM	083975		-14,84	 ',3);
INSERT INTO "extrato_lancamento" VALUES(350,1,'24/10/2011		DEPOSITO EM DINHEIRO NO ATM	861435		530,00	52,70',3);
INSERT INTO "extrato_lancamento" VALUES(351,1,'25/10/2011		TARIFA SAQUE TERMINAL 22/10/2011	000000		-2,10	 ',3);
INSERT INTO "extrato_lancamento" VALUES(352,1,'25/10/2011		DEBITO VISA ELECTRON BRASIL 25/10 L.M.A ALIM	042375		-9,67	40,93',3);
INSERT INTO "extrato_lancamento" VALUES(353,1,'26/10/2011		DEBITO VISA ELECTRON BRASIL 26/10 GIRASSOL	124475		-12,18	 ',3);
INSERT INTO "extrato_lancamento" VALUES(354,1,'26/10/2011		DEBITO VISA ELECTRON BRASIL 26/10 MC DONALDS	415075		-4,00	24,75',3);
INSERT INTO "extrato_lancamento" VALUES(355,1,'27/10/2011		DEBITO VISA ELECTRON BRASIL 27/10 L.M.A ALIM	080375		-10,72	 ',3);
INSERT INTO "extrato_lancamento" VALUES(356,1,'27/10/2011		DEBITO VISA ELECTRON BRASIL 27/10 GRAEX LOJA	100375		-3,00	11,03',3);
INSERT INTO "extrato_lancamento" VALUES(357,1,'28/10/2011		DEBITO VISA ELECTRON BRASIL 28/10 DROGA RAIA	324575		-24,69	-13,66',3);
INSERT INTO "extrato_lancamento" VALUES(358,1,'31/10/2011		DEBITO VISA ELECTRON BRASIL 29/10 LEO MAGAZI	372175		-12,00	 ',3);
INSERT INTO "extrato_lancamento" VALUES(359,1,'31/10/2011		DEBITO VISA ELECTRON BRASIL 29/10 GIRASSOL	430075		-13,92	 ',3);
INSERT INTO "extrato_lancamento" VALUES(360,1,'31/10/2011		DEBITO VISA ELECTRON BRASIL 29/10 MC DONALDS	542575		-11,50	 ',3);
INSERT INTO "extrato_lancamento" VALUES(361,1,'31/10/2011		SAQUE ATM INTERAGENCIA	500119		-80,00	 ',3);
INSERT INTO "extrato_lancamento" VALUES(362,1,'31/10/2011		DEBITO VISA ELECTRON BRASIL 31/10 BURGER KIN	370775		-12,90	-143,98',3);
INSERT INTO "extrato_lancamento" VALUES(363,1,'01/11/2011		TARIFA SAQUE TERMINAL 29/10/2011	000000		-2,10	 ',3);
INSERT INTO "extrato_lancamento" VALUES(364,1,'01/11/2011		DEBITO VISA ELECTRON BRASIL 01/11 L.M.A ALIM	505475		-16,84	 ',3);
INSERT INTO "extrato_lancamento" VALUES(365,1,'01/11/2011		SAQUE ATM INTERAGENCIA	500119		-20,00	 ',3);
INSERT INTO "extrato_lancamento" VALUES(366,1,'01/11/2011		JUROS CONTRATUAIS SOBRE LIMITE PERIODO: 01/10 A 31/10/11	000000		-75,78	 ',3);
INSERT INTO "extrato_lancamento" VALUES(367,1,'01/11/2011		IOF IMPOSTO OPERACOES FINANCEIRAS PERIODO: 01/10 A 31/10/11	000000		-1,79	 ',3);
INSERT INTO "extrato_lancamento" VALUES(368,1,'01/11/2011		IOF ADICIONAL - AUTOMATICO PERIODO: 01/10 A 31/10/11	000000		-9,66	-270,15',3);
INSERT INTO "extrato_lancamento" VALUES(369,1,'03/11/2011		DEBITO VISA ELECTRON BRASIL 02/11 MONTANA GR	304575		-18,80	 ',3);
INSERT INTO "extrato_lancamento" VALUES(370,1,'03/11/2011		PAGAMENTO CONTA CELULAR EM CANAIS ATM VIVO SP	676703		-61,34	 ',3);
INSERT INTO "extrato_lancamento" VALUES(371,1,'03/11/2011		PAGAMENTO DE TITULOS-BCE	676707		-446,94	 ',3);
INSERT INTO "extrato_lancamento" VALUES(372,1,'03/11/2011		DEBITO VISA ELECTRON BRASIL 03/11 L.M.A ALIM	482175		-14,27	-811,50',3);
INSERT INTO "extrato_lancamento" VALUES(373,1,'04/11/2011		DEBITO VISA ELECTRON BRASIL 04/11 GUIDO REST	181775		-17,65	-829,15',3);
INSERT INTO "extrato_lancamento" VALUES(374,1,'07/11/2011		DEBITO VISA ELECTRON BRASIL 05/11 GALERIA GR	520675		-3,50	 ',3);
INSERT INTO "extrato_lancamento" VALUES(375,1,'07/11/2011		SAQUE ATM INTERAGENCIA	500119		-20,00	 ',3);
INSERT INTO "extrato_lancamento" VALUES(376,1,'07/11/2011		DEBITO AUTOMATICO TELEFONE CELULAR CLARO SP DDD 11	000000		-35,00	 ',3);
INSERT INTO "extrato_lancamento" VALUES(377,1,'07/11/2011		DEBITO VISA ELECTRON BRASIL 07/11 GRAEX LOJA	382475		-2,50	 ',3);
INSERT INTO "extrato_lancamento" VALUES(378,1,'07/11/2011		DEBITO VISA ELECTRON BRASIL 07/11 L.M.A ALIM	392975		-12,61	 ',3);
INSERT INTO "extrato_lancamento" VALUES(379,1,'07/11/2011		SAQUE ATM INTERAGENCIA	500119		-20,00	 ',3);
INSERT INTO "extrato_lancamento" VALUES(380,1,'07/11/2011		DEPOSITO EM DINHEIRO NO ATM	862161		550,00	-372,76',3);
INSERT INTO "extrato_lancamento" VALUES(381,1,'08/11/2011		DEBITO VISA ELECTRON BRASIL 08/11 L.M.A ALIM	190875		-15,00	-387,76',3);
INSERT INTO "extrato_lancamento" VALUES(382,1,'09/11/2011		DEPOSITO EM DINHEIRO NO ATM	860610		400,00	12,24',3);
INSERT INTO "extrato_lancamento" VALUES(383,1,'10/11/2011		PREST EMPRESTIMOS/FINANCIAMENTOS	007070		-1.124,96	 ',3);
INSERT INTO "extrato_lancamento" VALUES(384,1,'10/11/2011		PREST EMPRESTIMOS/FINANCIAMENTOS	010130		-423,50	 ',3);
INSERT INTO "extrato_lancamento" VALUES(385,1,'10/11/2011		TARIFA MENSALIDADE PACOTE SERVICOS OUTUBRO / 2011	000000		-4,95	-1.541,17',3);
INSERT INTO "extrato_lancamento" VALUES(386,1,'11/11/2011		ANUIDADE DIFERENCIADA VISA TIT.	000000		-5,67	-1.546,84',3);
INSERT INTO "extrato_lancamento" VALUES(387,1,'16/11/2011		DEBITO AUTOM CTA ENERGIA ELETRICA AES ELETROPAULO	000000		-141,08	 ',3);
INSERT INTO "extrato_lancamento" VALUES(388,1,'16/11/2011		DEBITO AUTOM CONTA DE TELEFONE EMBRATEL TV SAT	000000		-68,16	 ',3);
INSERT INTO "extrato_lancamento" VALUES(389,1,'16/11/2011		DEPOSITO EM DINHEIRO NO ATM	331412		550,00	 ',3);
INSERT INTO "extrato_lancamento" VALUES(390,1,'16/11/2011		DEPOSITO EM DINHEIRO NO ATM	331280		400,00	-806,08',3);
INSERT INTO "extrato_lancamento" VALUES(391,1,'21/11/2011		DEPOSITO EM DINHEIRO NO ATM	346928		870,00	63,92',3);
INSERT INTO "extrato_lancamento" VALUES(392,1,'22/11/2011		TARIFA EXTRATO CONSOLIDADO 18/11/2011	000000		-3,10	60,82',3);
INSERT INTO "extrato_lancamento" VALUES(393,1,'01/12/2011		JUROS CONTRATUAIS SOBRE LIMITE PERIODO: 01/11 A 30/11/11	000000		-48,57	 ',3);
INSERT INTO "extrato_lancamento" VALUES(394,1,'01/12/2011		IOF IMPOSTO OPERACOES FINANCEIRAS PERIODO: 01/11 A 30/11/11	000000		-1,46	 ',3);
INSERT INTO "extrato_lancamento" VALUES(395,1,'01/12/2011		IOF ADICIONAL - AUTOMATICO PERIODO: 01/11 A 30/11/11	000000		-8,50	2,29',3);
INSERT INTO "extrato_lancamento" VALUES(396,1,'05/12/2011		DEBITO AUTOMATICO TELEFONE CELULAR CLARO SP DDD 11	000000		-35,00	-32,71',3);
INSERT INTO "extrato_lancamento" VALUES(397,1,'09/12/2011		DEPOSITO EM DINHEIRO NO ATM	393705		500,00	467,29',3);
INSERT INTO "extrato_lancamento" VALUES(398,1,'12/12/2011		PREST EMPRESTIMOS/FINANCIAMENTOS	010130		-423,50	 ',3);
INSERT INTO "extrato_lancamento" VALUES(399,1,'12/12/2011		TARIFA MENSALIDADE PACOTE SERVICOS NOVEMBRO / 2011	000000		-4,95	 ',3);
INSERT INTO "extrato_lancamento" VALUES(400,1,'12/12/2011		ANUIDADE DIFERENCIADA VISA TIT.	000000		-5,67	33,17',3);
INSERT INTO "extrato_lancamento" VALUES(401,1,'15/12/2011		DEBITO AUTOM CTA ENERGIA ELETRICA AES ELETROPAULO	000000		-128,59	 ',3);
INSERT INTO "extrato_lancamento" VALUES(402,1,'15/12/2011		DEBITO AUTOM CONTA DE TELEFONE EMBRATEL TV SAT	000000		-68,16	-163,58',3);
INSERT INTO "extrato_lancamento" VALUES(403,3,'01/09			SALDO INICIAL				350,46-	',4);
INSERT INTO "extrato_lancamento" VALUES(404,3,'01/09			IOF		1,85-		352,31-	',4);
INSERT INTO "extrato_lancamento" VALUES(405,3,'02/09			TAR MAXICONTA MENS 08/11		11,80-		364,11-	',4);
INSERT INTO "extrato_lancamento" VALUES(406,3,'20/09			LIS/JUROS		23,95-		388,06-	',4);
INSERT INTO "extrato_lancamento" VALUES(407,3,'21/09			SEGURO LIS ITAU 11090		2,00-		390,06-	',4);
INSERT INTO "extrato_lancamento" VALUES(408,3,'28/09			SISPAG STEFANINI CONS L		348,00		42,06-	',4);
INSERT INTO "extrato_lancamento" VALUES(409,3,'29/09			SISPAG STEFANINI CONS L		300,00			',4);
INSERT INTO "extrato_lancamento" VALUES(410,3,'29/09			APL APLIC AUT MAIS		107,94-		150,00	',4);
INSERT INTO "extrato_lancamento" VALUES(411,3,'30/09			SALDO FINAL				150,00	',4);
INSERT INTO "extrato_lancamento" VALUES(412,3,'03/10			SALDO INICIAL				150,00	',4);
INSERT INTO "extrato_lancamento" VALUES(413,3,'03/10			SISPAG STEFANINI CONS L		940,80			',4);
INSERT INTO "extrato_lancamento" VALUES(414,3,'03/10			IOF		0,95-			',4);
INSERT INTO "extrato_lancamento" VALUES(415,3,'03/10			APL APLIC AUT MAIS		939,85-		150,00	',4);
INSERT INTO "extrato_lancamento" VALUES(416,3,'04/10			TAR MAXICONTA MENS 09/11		11,80-		138,20	',4);
INSERT INTO "extrato_lancamento" VALUES(417,3,'05/10			REMUNERACAO/SALARIO		859,07			',4);
INSERT INTO "extrato_lancamento" VALUES(418,3,'05/10			APL APLIC AUT MAIS		847,27-		150,00	',4);
INSERT INTO "extrato_lancamento" VALUES(419,3,'06/10			REMUNERACAO/SALARIO		352,80			',4);
INSERT INTO "extrato_lancamento" VALUES(420,3,'06/10			APL APLIC AUT MAIS		352,80-		150,00	',4);
INSERT INTO "extrato_lancamento" VALUES(421,3,'17/10			CXE 000786 SAQUE		550,00-			',4);
INSERT INTO "extrato_lancamento" VALUES(422,3,'17/10			RES APLIC AUT MAIS		410,00		10,00	',4);
INSERT INTO "extrato_lancamento" VALUES(423,3,'18/10			CXE 000638 SAQUE		550,00-			',4);
INSERT INTO "extrato_lancamento" VALUES(424,3,'18/10			RES APLIC AUT MAIS		550,00		10,00	',4);
INSERT INTO "extrato_lancamento" VALUES(425,3,'19/10			CXE 000471 SAQUE		550,00-			',4);
INSERT INTO "extrato_lancamento" VALUES(426,3,'19/10			RES APLIC AUT MAIS		550,00		10,00	',4);
INSERT INTO "extrato_lancamento" VALUES(427,3,'20/10			CXE 000851 SAQUE		550,00-			',4);
INSERT INTO "extrato_lancamento" VALUES(428,3,'20/10			LIS/JUROS		12,55-			',4);
INSERT INTO "extrato_lancamento" VALUES(429,3,'20/10			REMUNERACAO/SALARIO		994,25			',4);
INSERT INTO "extrato_lancamento" VALUES(430,3,'20/10			LIS/JUROS		10,23-			',4);
INSERT INTO "extrato_lancamento" VALUES(431,3,'20/10			APL APLIC AUT MAIS		294,02-			',4);
INSERT INTO "extrato_lancamento" VALUES(432,3,'20/10			EST LIS/JUROS		12,55		150,00	',4);
INSERT INTO "extrato_lancamento" VALUES(433,3,'21/10			CXE 000927 SAQUE		550,00-			',4);
INSERT INTO "extrato_lancamento" VALUES(434,3,'21/10			SEGURO LIS ITAU 11100		2,00-			',4);
INSERT INTO "extrato_lancamento" VALUES(435,3,'21/10			RES APLIC AUT MAIS		412,00		10,00	',4);
INSERT INTO "extrato_lancamento" VALUES(436,3,'24/10			CXE 000661 SAQUE		40,00-			',4);
INSERT INTO "extrato_lancamento" VALUES(437,3,'24/10			CXE 000992 SAQUE		20,00-			',4);
INSERT INTO "extrato_lancamento" VALUES(438,3,'24/10			CXE PAG TIT 112395162459		317,04-			',4);
INSERT INTO "extrato_lancamento" VALUES(439,3,'24/10			RES APLIC AUT MAIS		377,04		10,00	',4);
INSERT INTO "extrato_lancamento" VALUES(440,3,'28/10			CXE 000133 SAQUE		20,00-			',4);
INSERT INTO "extrato_lancamento" VALUES(441,3,'28/10			RES APLIC AUT MAIS		20,00		10,00	',4);
INSERT INTO "extrato_lancamento" VALUES(442,3,'31/10			CXE 000828 SAQUE		20,00-			',4);
INSERT INTO "extrato_lancamento" VALUES(443,3,'31/10			SAQUE CARTAO MAGNETICO		500,00-			',4);
INSERT INTO "extrato_lancamento" VALUES(444,3,'31/10			REMUNERACAO/SALARIO		116,00			',4);
INSERT INTO "extrato_lancamento" VALUES(445,3,'31/10			RES APLIC AUT MAIS		222,95		171,05-	',4);
INSERT INTO "extrato_lancamento" VALUES(446,3,'31/10			SALDO FINAL				171,05-	',4);
INSERT INTO "extrato_lancamento" VALUES(447,3,'31/10			SALDO ANTERIOR				171,05	-',4);
INSERT INTO "extrato_lancamento" VALUES(448,3,'01/11			IOF		0,65	-		',4);
INSERT INTO "extrato_lancamento" VALUES(449,3,'01/11			S A L D O				171,70	-',4);
INSERT INTO "extrato_lancamento" VALUES(450,3,'03/11			TAR SAQUE TERMINAL		1,70	-		',4);
INSERT INTO "extrato_lancamento" VALUES(451,3,'03/11			S A L D O				173,40	-',4);
INSERT INTO "extrato_lancamento" VALUES(452,3,'04/11			REMUNERACAO/SALARIO	393	1.172,72			',4);
INSERT INTO "extrato_lancamento" VALUES(453,3,'04/11			SDO CTA/APL AUTOMATICAS				999,32	',4);
INSERT INTO "extrato_lancamento" VALUES(454,3,'07/11			CXE 000703 SAQUE	7619	550,00	-		',4);
INSERT INTO "extrato_lancamento" VALUES(455,3,'07/11			CEI 000323 SAQUE 06/11	7619	40,00	-		',4);
INSERT INTO "extrato_lancamento" VALUES(456,3,'07/11			CXE PRE-PAGO01176530794	7619	17,00	-		',4);
INSERT INTO "extrato_lancamento" VALUES(457,3,'07/11			REMUNERACAO/SALARIO	393	882,00			',4);
INSERT INTO "extrato_lancamento" VALUES(458,3,'07/11			SDO CTA/APL AUTOMATICAS				1.274,32	',4);
INSERT INTO "extrato_lancamento" VALUES(459,3,'08/11			CXE 000760 SAQUE	7619	400,00	-		',4);
INSERT INTO "extrato_lancamento" VALUES(460,3,'08/11			SDO CTA/APL AUTOMATICAS				874,33	',4);
INSERT INTO "extrato_lancamento" VALUES(461,3,'09/11			SDO CTA/APL AUTOMATICAS				874,32	',4);
INSERT INTO "extrato_lancamento" VALUES(462,3,'10/11			RSHOP-L M A ALIME-09/11	5934	11,26	-		',4);
INSERT INTO "extrato_lancamento" VALUES(463,3,'10/11	D		CXE PAG TIT BANCO 237	7619	599,69	-		',4);
INSERT INTO "extrato_lancamento" VALUES(464,3,'10/11			SDO CTA/APL AUTOMATICAS				263,38	',4);
INSERT INTO "extrato_lancamento" VALUES(465,3,'11/11			RSHOP-L M A ALIME-10/11	5934	16,09	-		',4);
INSERT INTO "extrato_lancamento" VALUES(466,3,'11/11			SDO CTA/APL AUTOMATICAS				247,29	',4);
INSERT INTO "extrato_lancamento" VALUES(467,3,'14/11			RSHOP-DROG EXTRA -13/11	5934	20,09	-		',4);
INSERT INTO "extrato_lancamento" VALUES(468,3,'14/11			RSHOP-L M A ALIME-11/11	5934	12,38	-		',4);
INSERT INTO "extrato_lancamento" VALUES(469,3,'14/11			RSHOP-MC DONALD S-13/11	5934	11,75	-		',4);
INSERT INTO "extrato_lancamento" VALUES(470,3,'14/11	C		DOC 001.REST. IR		2.192,83			',4);
INSERT INTO "extrato_lancamento" VALUES(471,3,'14/11			SDO CTA/APL AUTOMATICAS				2.395,90	',4);
INSERT INTO "extrato_lancamento" VALUES(472,3,'14/11			(-) SALDO A LIBERAR				2.192,83	',4);
INSERT INTO "extrato_lancamento" VALUES(473,3,'14/11			SALDO FINAL DISPONIVEL				203,07	',4);
INSERT INTO "extrato_lancamento" VALUES(474,3,'16/11			CXE 000323 SAQUE	7619	550,00	-		',4);
INSERT INTO "extrato_lancamento" VALUES(475,3,'16/11			CEI 000059 SAQUE 15/11	7619	550,00	-		',4);
INSERT INTO "extrato_lancamento" VALUES(476,3,'16/11			RSHOP-L M A ALIME-14/11	5934	12,63	-		',4);
INSERT INTO "extrato_lancamento" VALUES(477,3,'16/11			RSHOP-MC DONALD S-15/11	5934	24,75	-		',4);
INSERT INTO "extrato_lancamento" VALUES(478,3,'16/11			SDO CTA/APL AUTOMATICAS				1.258,52	',4);
INSERT INTO "extrato_lancamento" VALUES(479,3,'17/11			RSHOP-L M A ALIME-16/11	5934	12,12	-		',4);
INSERT INTO "extrato_lancamento" VALUES(480,3,'17/11			SDO CTA/APL AUTOMATICAS				1.246,41	',4);
INSERT INTO "extrato_lancamento" VALUES(481,3,'18/11			CXE 001115 SAQUE	367	550,00	-		',4);
INSERT INTO "extrato_lancamento" VALUES(482,3,'18/11			REMUNERACAO/SALARIO	393	904,36			',4);
INSERT INTO "extrato_lancamento" VALUES(483,3,'18/11			SDO CTA/APL AUTOMATICAS				1.600,77	',4);
INSERT INTO "extrato_lancamento" VALUES(484,3,'21/11			CXE 001016 SAQUE	8110	320,00	-		',4);
INSERT INTO "extrato_lancamento" VALUES(485,3,'21/11			LIS/JUROS		2,40	-		',4);
INSERT INTO "extrato_lancamento" VALUES(486,3,'21/11			CXE TELEFONICA 561001201	8110	55,10	-		',4);
INSERT INTO "extrato_lancamento" VALUES(487,3,'21/11			SDO CTA/APL AUTOMATICAS				1.223,28	',4);
INSERT INTO "extrato_lancamento" VALUES(488,3,'22/11			RSHOP-PADARIA CON-21/11	5934	3,50	-		',4);
INSERT INTO "extrato_lancamento" VALUES(489,3,'22/11			SDO CTA/APL AUTOMATICAS				1.219,77	',4);
INSERT INTO "extrato_lancamento" VALUES(490,3,'23/11			SDO CTA/APL AUTOMATICAS				1.219,78	',4);
INSERT INTO "extrato_lancamento" VALUES(491,3,'24/11	D		CXE PAG TIT BANCO 033	9360	317,04	-		',4);
INSERT INTO "extrato_lancamento" VALUES(492,3,'24/11			SDO CTA/APL AUTOMATICAS				902,74	',4);
INSERT INTO "extrato_lancamento" VALUES(493,3,'25/11			SDO CTA/APL AUTOMATICAS				902,74	',4);
INSERT INTO "extrato_lancamento" VALUES(494,3,'28/11			SDO CTA/APL AUTOMATICAS				902,74	',4);
INSERT INTO "extrato_lancamento" VALUES(495,3,'29/11			SDO CTA/APL AUTOMATICAS				902,76	',4);
INSERT INTO "extrato_lancamento" VALUES(496,3,'30/11			REMUNERACAO/SALARIO	393	330,75			',4);
INSERT INTO "extrato_lancamento" VALUES(497,3,'30/11			SDO CTA/APL AUTOMATICAS				1.233,51	',4);
INSERT INTO "extrato_lancamento" VALUES(498,3,'30/11			SALDO ANTERIOR				150,00	',4);
INSERT INTO "extrato_lancamento" VALUES(499,3,'01/12			RSHOP-PHARMACIA E-30/11	5934	53,00	-		',4);
INSERT INTO "extrato_lancamento" VALUES(500,3,'01/12			IOF		0,04	-		',4);
INSERT INTO "extrato_lancamento" VALUES(501,3,'01/12			SDO CTA/APL AUTOMATICAS				1.180,48	',4);
INSERT INTO "extrato_lancamento" VALUES(502,3,'02/12			CXE 000687 SAQUE	9360	20,00	-		',4);
INSERT INTO "extrato_lancamento" VALUES(503,3,'02/12			SDO CTA/APL AUTOMATICAS				1.160,48	',4);
INSERT INTO "extrato_lancamento" VALUES(504,3,'05/12			REMUNERACAO/SALARIO		1.011,96			',4);
INSERT INTO "extrato_lancamento" VALUES(505,3,'05/12			RSHOP-CONSTRUBEM -03/12	6509	74,30	-		',4);
INSERT INTO "extrato_lancamento" VALUES(506,3,'05/12			RSHOP-CONSTRUBEM -03/12	6509	7,50	-		',4);
INSERT INTO "extrato_lancamento" VALUES(507,3,'05/12			SDO CTA/APL AUTOMATICAS				2.090,66	',4);
INSERT INTO "extrato_lancamento" VALUES(508,3,'06/12			REMUNERACAO/SALARIO	393	882,00			',4);
INSERT INTO "extrato_lancamento" VALUES(509,3,'06/12			SDO CTA/APL AUTOMATICAS				2.972,66	',4);
INSERT INTO "extrato_lancamento" VALUES(510,3,'07/12	D		DEC DOC 704114		35,00	-		',4);
INSERT INTO "extrato_lancamento" VALUES(511,3,'07/12			CXE VIVO-SP 2074425978		59,90	-		',4);
INSERT INTO "extrato_lancamento" VALUES(512,3,'07/12			DEVDOC704114 07/12 MOT57		35,00			',4);
INSERT INTO "extrato_lancamento" VALUES(513,3,'07/12			SDO CTA/APL AUTOMATICAS				2.912,75	',4);
INSERT INTO "extrato_lancamento" VALUES(514,3,'08/12			RSHOP-DROGARIA MA-07/12	5934	6,77	-		',4);
INSERT INTO "extrato_lancamento" VALUES(515,3,'08/12			RSHOP-KALUNGA ABC-07/12	5934	4,99	-		',4);
INSERT INTO "extrato_lancamento" VALUES(516,3,'08/12			RSHOP-SARAIVA ABC-07/12	5934	38,50	-		',4);
INSERT INTO "extrato_lancamento" VALUES(517,3,'08/12			RSHOP-SARAIVA ABC-07/12	5934	44,50	-		',4);
INSERT INTO "extrato_lancamento" VALUES(518,3,'08/12			SDO CTA/APL AUTOMATICAS				2.818,03	',4);
INSERT INTO "extrato_lancamento" VALUES(519,3,'09/12			SDO CTA/APL AUTOMATICAS				2.318,04	',4);
INSERT INTO "extrato_lancamento" VALUES(520,3,'12/12			CXE 003194 SAQUE	3009	20,00	-		',4);
INSERT INTO "extrato_lancamento" VALUES(521,3,'12/12			CEI 000547 SAQUE 10/12	7619	50,00	-		',4);
INSERT INTO "extrato_lancamento" VALUES(522,3,'12/12			RSHOP-DORINHO''S-L-09/12	5934	150,00	-		',4);
INSERT INTO "extrato_lancamento" VALUES(523,3,'12/12	D		CXE PAG TIT BANCO 033	3009	235,88	-		',4);
INSERT INTO "extrato_lancamento" VALUES(524,3,'12/12			SDO CTA/APL AUTOMATICAS				1.862,16	',4);
INSERT INTO "extrato_lancamento" VALUES(525,3,'13/12			CXE 001446 SAQUE	6930	100,00	-		',4);
INSERT INTO "extrato_lancamento" VALUES(526,3,'13/12			RSHOP-PADARIA BRA-12/12	5934	3,65	-		',4);
INSERT INTO "extrato_lancamento" VALUES(527,3,'13/12	D		CXE DOC 778324	6930	35,00	-		',4);
INSERT INTO "extrato_lancamento" VALUES(528,3,'13/12			SDO CTA/APL AUTOMATICAS				1.723,53	',4);
INSERT INTO "extrato_lancamento" VALUES(529,3,'14/12			CXE 000521 SAQUE	7619	50,00	-		',4);
INSERT INTO "extrato_lancamento" VALUES(530,3,'14/12			SDO CTA/APL AUTOMATICAS				1.673,52	',4);
INSERT INTO "extrato_lancamento" VALUES(531,3,'15/12			RSHOP-HABIB S -14/12	5934	10,45	-		',4);
INSERT INTO "extrato_lancamento" VALUES(532,3,'15/12			RSHOP-PHARMACIA E-14/12	5934	40,00	-		',4);
INSERT INTO "extrato_lancamento" VALUES(533,3,'15/12			CXE SEMASA 01176141	9360	33,25	-		',4);
INSERT INTO "extrato_lancamento" VALUES(534,3,'15/12			SDO CTA/APL AUTOMATICAS				1.589,84	',4);
INSERT INTO "extrato_lancamento" VALUES(535,1,'19/12/2011		CHEQUE EMITIDO/DEBITADO	010098		-290,00	-453,58',5);
INSERT INTO "extrato_lancamento" VALUES(536,1,'21/12/2011		TARIFA EXTRATO CONSOLIDADO 19/12/2011	000000		-3,10	-456,68',5);
INSERT INTO "extrato_lancamento" VALUES(537,1,'22/12/2011		DEPOSITO EM DINHEIRO NO ATM	241550		120,00	 ',5);
INSERT INTO "extrato_lancamento" VALUES(538,1,'22/12/2011		DEPOSITO EM DINHEIRO NO ATM	949111		350,00	13,32',5);
INSERT INTO "extrato_lancamento" VALUES(539,3,'16/12			SDO CTA/APL AUTOMATICAS				1.589,84	',6);
INSERT INTO "extrato_lancamento" VALUES(540,3,'19/12			SDO CTA/APL AUTOMATICAS				1.589,86	',6);
INSERT INTO "extrato_lancamento" VALUES(541,3,'20/12			CXE 001305 SAQUE	3009	240,00	-		',6);
INSERT INTO "extrato_lancamento" VALUES(542,3,'20/12			CXE TELEFONICA 561001201	3009	68,97	-		',6);
INSERT INTO "extrato_lancamento" VALUES(543,3,'20/12			SDO CTA/APL AUTOMATICAS				1.280,90	',6);
INSERT INTO "extrato_lancamento" VALUES(544,3,'21/12			CXE 001412 SAQUE	7619	350,00	-		',6);
INSERT INTO "extrato_lancamento" VALUES(545,3,'21/12			SDO CTA/APL AUTOMATICAS				930,90	',6);
INSERT INTO "extrato_lancamento" VALUES(546,3,'22/12			SDO CTA/APL AUTOMATICAS				930,90	',6);
INSERT INTO "extrato_lancamento" VALUES(547,3,'23/12	D		CXE PAG TIT BANCO 033	1514	317,04	-		',6);
INSERT INTO "extrato_lancamento" VALUES(548,3,'23/12			SDO CTA/APL AUTOMATICAS				613,87	',6);
INSERT INTO "extrato_lancamento" VALUES(549,3,'26/12			RSHOP-PHARMACIA E-23/12	5934	87,30	-		',6);
INSERT INTO "extrato_lancamento" VALUES(550,3,'26/12			SDO CTA/APL AUTOMATICAS				526,56',6);
INSERT INTO "extrato_lancamento" VALUES(551,3,'27/12			CEI 000011 DINHEIRO	2958	100,00			',7);
INSERT INTO "extrato_lancamento" VALUES(552,3,'27/12			SDO CTA/APL AUTOMATICAS				626,58	',7);
INSERT INTO "extrato_lancamento" VALUES(553,3,'28/12			CXE 000372 SAQUE	8754	30,00	-		',7);
INSERT INTO "extrato_lancamento" VALUES(554,3,'28/12			REMUNERACAO/SALARIO	910	1.535,20			',7);
INSERT INTO "extrato_lancamento" VALUES(555,3,'28/12			SDO CTA/APL AUTOMATICAS				2.131,77	',7);
INSERT INTO "extrato_lancamento" VALUES(556,3,'29/12			SDO CTA/APL AUTOMATICAS				2.131,78	',7);
INSERT INTO "extrato_lancamento" VALUES(557,3,'30/12			SDO CTA/APL AUTOMATICAS				2.131,78',7);
INSERT INTO "extrato_lancamento" VALUES(565,1,'02/01/2012		JUROS CONTRATUAIS SOBRE LIMITE PERIODO: 01/12 A 31/12/11	000000		-8,55	 ',9);
INSERT INTO "extrato_lancamento" VALUES(566,1,'02/01/2012		IOF IMPOSTO OPERACOES FINANCEIRAS PERIODO: 01/12 A 31/12/11	000000		-0,14	 ',9);
INSERT INTO "extrato_lancamento" VALUES(567,1,'02/01/2012		IOF ADICIONAL - AUTOMATICO PERIODO: 01/12 A 31/12/11	000000		-1,85	2,78',9);
INSERT INTO "extrato_lancamento" VALUES(568,1,'05/01/2012		DEBITO AUTOMATICO TELEFONE CELULAR CLARO SP DDD 11	000000		-35,00	-32,22',9);
INSERT INTO "extrato_lancamento" VALUES(569,1,'06/01/2012		DEPOSITO EM DINHEIRO NO ATM	071500		550,00	517,78',9);
INSERT INTO "extrato_lancamento" VALUES(570,1,'10/01/2012		PREST EMPRESTIMOS/FINANCIAMENTOS	010130		-423,50	 ',10);
INSERT INTO "extrato_lancamento" VALUES(571,1,'10/01/2012		TARIFA MENSALIDADE PACOTE SERVICOS DEZEMBRO / 2011	000000		-4,95	 ',10);
INSERT INTO "extrato_lancamento" VALUES(572,1,'10/01/2012		DEPOSITO EM DINHEIRO NO ATM	755540		220,00	309,33',10);
INSERT INTO "extrato_lancamento" VALUES(573,1,'11/01/2012		DEBITO FATURA CARTAO CREDITO 11/01 08:53 CARTAO VISA	000000		-173,89	 ',10);
INSERT INTO "extrato_lancamento" VALUES(574,1,'11/01/2012		ANUIDADE DIFERENCIADA VISA TIT.	000000		-5,67	129,77',10);
INSERT INTO "extrato_lancamento" VALUES(575,1,'12/01/2012		CHEQUE EMITIDO/DEBITADO	010099		-290,00	-160,23',10);
INSERT INTO "extrato_lancamento" VALUES(576,1,'16/01/2012		DEBITO AUTOM CTA ENERGIA ELETRICA AES ELETROPAULO	000000		-130,66	 ',10);
INSERT INTO "extrato_lancamento" VALUES(577,1,'16/01/2012		DEBITO AUTOM CONTA DE TELEFONE EMBRATEL TV SAT	000000		-68,16	-359,05',10);
INSERT INTO "extrato_lancamento" VALUES(578,3,'02/01			SDO CTA/APL AUTOMATICAS				2.131,81	',11);
INSERT INTO "extrato_lancamento" VALUES(579,3,'03/01			SDO CTA/APL AUTOMATICAS				2.131,81	',11);
INSERT INTO "extrato_lancamento" VALUES(580,3,'04/01			CEI 000012 DINHEIRO	3009	80,00			',11);
INSERT INTO "extrato_lancamento" VALUES(581,3,'04/01			SDO CTA/APL AUTOMATICAS				2.211,81	',11);
INSERT INTO "extrato_lancamento" VALUES(582,3,'05/01			SDO CTA/APL AUTOMATICAS				2.211,93	',11);
INSERT INTO "extrato_lancamento" VALUES(583,3,'06/01			CXE 000117 SAQUE	7619	550,00	-		',11);
INSERT INTO "extrato_lancamento" VALUES(584,3,'06/01			SDO CTA/APL AUTOMATICAS				1.661,95	',11);
INSERT INTO "extrato_lancamento" VALUES(585,3,'09/01			RSHOP-PHARMACIA E-07/01	5934	105,30	-		',11);
INSERT INTO "extrato_lancamento" VALUES(586,3,'09/01			CXE VIVO-SP 2074425978	3009	11,98	-		',11);
INSERT INTO "extrato_lancamento" VALUES(587,3,'09/01			SDO CTA/APL AUTOMATICAS				1.544,68	',11);
INSERT INTO "extrato_lancamento" VALUES(588,3,'10/01			CXE 000604 SAQUE	7619	240,00	-		',11);
INSERT INTO "extrato_lancamento" VALUES(589,3,'10/01			SDO CTA/APL AUTOMATICAS				1.304,69	',11);
INSERT INTO "extrato_lancamento" VALUES(590,3,'11/01			SDO CTA/APL AUTOMATICAS				1.304,68	',11);
INSERT INTO "extrato_lancamento" VALUES(591,3,'12/01			SDO CTA/APL AUTOMATICAS				1.304,69	',11);
INSERT INTO "extrato_lancamento" VALUES(592,3,'13/01			REMUNERACAO/SALARIO	910	1.720,00			',11);
INSERT INTO "extrato_lancamento" VALUES(593,3,'13/01			SDO CTA/APL AUTOMATICAS				3.024,70	',11);
INSERT INTO "extrato_lancamento" VALUES(595,3,'14/01			S A L D O				100,00',11);
INSERT INTO "extrato_lancamento" VALUES(596,3,'16/01			CXE 000042 SAQUE	7619	20,00	-		',12);
INSERT INTO "extrato_lancamento" VALUES(597,3,'16/01			CXE 001537 SAQUE 14/01	9360	50,00	-		',12);
INSERT INTO "extrato_lancamento" VALUES(598,3,'16/01			SDO CTA/APL AUTOMATICAS				2.954,72	',12);
INSERT INTO "extrato_lancamento" VALUES(599,3,'17/01			SDO CTA/APL AUTOMATICAS				2.954,72	',12);
INSERT INTO "extrato_lancamento" VALUES(600,3,'18/01			CH COMPENSADO 237 000001	5939	179,00	-		',12);
INSERT INTO "extrato_lancamento" VALUES(601,3,'18/01			RSHOP-MARLI MARIN-17/01	5934	226,00	-		',12);
INSERT INTO "extrato_lancamento" VALUES(602,3,'18/01			SDO CTA/APL AUTOMATICAS				2.549,74	',12);
INSERT INTO "extrato_lancamento" VALUES(603,3,'19/01			CXE 000257 SAQUE	7619	20,00	-		',12);
INSERT INTO "extrato_lancamento" VALUES(604,3,'19/01			SDO CTA/APL AUTOMATICAS				2.529,77	',12);
INSERT INTO "extrato_lancamento" VALUES(605,3,'20/01			CXE SEMASA 01176141	7619	32,33	-		',12);
INSERT INTO "extrato_lancamento" VALUES(606,3,'20/01			SDO CTA/APL AUTOMATICAS				2.497,45	',12);
INSERT INTO "extrato_lancamento" VALUES(607,3,'23/01			SDO CTA/APL AUTOMATICAS				2.497,46',12);
INSERT INTO "extrato_lancamento" VALUES(608,1,'16/01/2012		CHEQUE EMITIDO/DEBITADO	010103		-320,00	-679,05',13);
INSERT INTO "extrato_lancamento" VALUES(609,3,'24/01			SDO CTA/APL AUTOMATICAS				2.497,47	',14);
INSERT INTO "extrato_lancamento" VALUES(610,3,'26/01			CXE 000539 SAQUE	7619	300,00	-		',14);
INSERT INTO "extrato_lancamento" VALUES(611,3,'26/01			CXE 000786 SAQUE 25/01	3009	550,00	-		',14);
INSERT INTO "extrato_lancamento" VALUES(612,3,'26/01			RSHOP-FRAN S CAFE-25/01	5934	12,54	-		',14);
INSERT INTO "extrato_lancamento" VALUES(613,3,'26/01			RSHOP-PHARMACIA E-25/01	5934	40,00	-		',14);
INSERT INTO "extrato_lancamento" VALUES(614,3,'26/01			CXE PAG TIT 112644620463	3009	317,04	-		',14);
INSERT INTO "extrato_lancamento" VALUES(615,3,'26/01			SDO CTA/APL AUTOMATICAS				1.277,93	',14);
INSERT INTO "extrato_lancamento" VALUES(616,3,'27/01			SDO CTA/APL AUTOMATICAS				1.277,93	',14);
INSERT INTO "extrato_lancamento" VALUES(617,3,'30/01			REMUNERACAO/SALARIO		2.836,05			',14);
INSERT INTO "extrato_lancamento" VALUES(618,3,'30/01			S A L D O				2.846,05	',14);
INSERT INTO "extrato_lancamento" VALUES(619,1,'24/01/2012		CHEQUE EMITIDO/DEBITADO	010104		-150,00	-829,05',15);
INSERT INTO "extrato_lancamento" VALUES(620,1,'25/01/2012		TARIFA EXTRATO CONSOLIDADO 23/01/2012	000000		-3,10	-832,15',15);
INSERT INTO "extrato_lancamento" VALUES(621,1,'26/01/2012		DEPOSITO EM DINHEIRO NO ATM	760654		550,00	 ',15);
INSERT INTO "extrato_lancamento" VALUES(622,1,'26/01/2012		DEPOSITO EM DINHEIRO NO ATM	844265		300,00	17,85',15);
INSERT INTO "extrato_lancamento" VALUES(623,3,'30/01			CH COMPENSADO 341 000002		183,00-			',17);
INSERT INTO "extrato_lancamento" VALUES(624,3,'31/01			RSHOP-DROGARIA SA-30/01		7,91-		142,09	',17);
INSERT INTO "extrato_lancamento" VALUES(625,3,'31/01			SALDO FINAL				142,09	',17);
INSERT INTO "extrato_lancamento" VALUES(626,3,'01/02			SALDO INICIAL				142,09	',17);
INSERT INTO "extrato_lancamento" VALUES(627,3,'01/02			CH COMPENSADO 341 000003		145,00-			',17);
INSERT INTO "extrato_lancamento" VALUES(628,3,'01/02			RES APLIC AUT MAIS		12,91		10,00	',17);
INSERT INTO "extrato_lancamento" VALUES(629,3,'02/02			CXE 001354 SAQUE		20,00-			',17);
INSERT INTO "extrato_lancamento" VALUES(630,3,'02/02			CXE TELEMAR OI 365868848		23,14-			',17);
INSERT INTO "extrato_lancamento" VALUES(631,3,'02/02			RES APLIC AUT MAIS		43,14		10,00	',17);
INSERT INTO "extrato_lancamento" VALUES(632,3,'06/02			CXE 002253 SAQUE		100,00-			',17);
INSERT INTO "extrato_lancamento" VALUES(633,3,'06/02			CXE 000380 SAQUE 04/02		20,00-			',17);
INSERT INTO "extrato_lancamento" VALUES(634,3,'06/02			SAQUE 24H 05174826 04/02		20,00-			',17);
INSERT INTO "extrato_lancamento" VALUES(635,3,'06/02			RES APLIC AUT MAIS		140,00		10,00	',17);
INSERT INTO "extrato_lancamento" VALUES(636,3,'07/02			CH COMPENSADO 033 000004		180,00-			',17);
INSERT INTO "extrato_lancamento" VALUES(637,3,'07/02			CXE 001651 SAQUE		20,00-			',17);
INSERT INTO "extrato_lancamento" VALUES(638,3,'07/02			RES APLIC AUT MAIS		200,00		10,00	',17);
INSERT INTO "extrato_lancamento" VALUES(639,3,'09/02			CXE 000034 SAQUE		20,00-			',17);
INSERT INTO "extrato_lancamento" VALUES(640,3,'09/02			RSHOP-PHOENIX CEL-08/02		27,00-			',17);
INSERT INTO "extrato_lancamento" VALUES(641,3,'09/02			RES APLIC AUT MAIS		47,00		10,00	',17);
INSERT INTO "extrato_lancamento" VALUES(642,3,'10/02			CXE DOC 985701		24,00-			',17);
INSERT INTO "extrato_lancamento" VALUES(643,3,'10/02			CXE PAG TIT BANCO 237		18,80-			',17);
INSERT INTO "extrato_lancamento" VALUES(644,3,'10/02			SISPAG SAMSUNG S L S T		654,48			',17);
INSERT INTO "extrato_lancamento" VALUES(645,3,'10/02			APL APLIC AUT MAIS		471,68-		150,00	',17);
INSERT INTO "extrato_lancamento" VALUES(646,3,'13/02			CXE 000828 SAQUE		10,00-		140,00	',17);
INSERT INTO "extrato_lancamento" VALUES(647,3,'14/02			SAQUE 24H 00342873		50,00-			',17);
INSERT INTO "extrato_lancamento" VALUES(648,3,'14/02			TAR DOC ELETRONICO		3,90-		86,10	',17);
INSERT INTO "extrato_lancamento" VALUES(649,3,'15/02			REMUNERACAO/SALARIO		1.720,00			',17);
INSERT INTO "extrato_lancamento" VALUES(650,3,'15/02			APL APLIC AUT MAIS		1.656,10-		150,00	',17);
INSERT INTO "extrato_lancamento" VALUES(651,3,'17/02			CH COMPENSADO 033 000005		1.800,00-			',17);
INSERT INTO "extrato_lancamento" VALUES(652,3,'17/02			CXE 000463 SAQUE		20,00-			',17);
INSERT INTO "extrato_lancamento" VALUES(653,3,'17/02			CXE 000513 SAQUE		100,00-			',17);
INSERT INTO "extrato_lancamento" VALUES(654,3,'17/02			RSHOP-CINEMARK AB-16/02		23,00-			',17);
INSERT INTO "extrato_lancamento" VALUES(655,3,'17/02			SISPAG SAMSUNG S L S T		581,24			',17);
INSERT INTO "extrato_lancamento" VALUES(656,3,'17/02			RES APLIC AUT MAIS		1.221,77		10,01	',17);
INSERT INTO "extrato_lancamento" VALUES(657,3,'22/02			CXE 001115 SAQUE		40,00-			',17);
INSERT INTO "extrato_lancamento" VALUES(658,3,'22/02			RSHOP-CINEMARK AB-18/02		11,50-			',17);
INSERT INTO "extrato_lancamento" VALUES(659,3,'22/02			RSHOP-CINEMARK AB-18/02		11,50-			',17);
INSERT INTO "extrato_lancamento" VALUES(660,3,'22/02			RSHOP-SKY ASIA -18/02		21,66-			',17);
INSERT INTO "extrato_lancamento" VALUES(661,3,'22/02			RSHOP-SKY ASIA -18/02		15,75-			',17);
INSERT INTO "extrato_lancamento" VALUES(662,3,'22/02			RES APLIC AUT MAIS		100,40		10,00	',17);
INSERT INTO "extrato_lancamento" VALUES(663,3,'24/02			RSHOP-DROGARIA SA-23/02		20,21-			',17);
INSERT INTO "extrato_lancamento" VALUES(664,3,'24/02			RES APLIC AUT MAIS		20,21		10,00	',17);
INSERT INTO "extrato_lancamento" VALUES(665,3,'28/02			REMUNERACAO/SALARIO		4.341,62			',17);
INSERT INTO "extrato_lancamento" VALUES(666,3,'28/02			APL APLIC AUT MAIS		4.201,62-		150,00	',17);
INSERT INTO "extrato_lancamento" VALUES(667,3,'29/02			CXE 000745 SAQUE		320,00-			',17);
INSERT INTO "extrato_lancamento" VALUES(668,3,'29/02			RES APLIC AUT MAIS		180,01		10,01	',17);
INSERT INTO "extrato_lancamento" VALUES(669,3,'29/02			SALDO FINAL				10,01	',17);
INSERT INTO "extrato_lancamento" VALUES(670,3,'01/03			SALDO ANTERIOR				10,01	',17);
INSERT INTO "extrato_lancamento" VALUES(671,3,'02/03			CXE 002709 SAQUE	7619	20,00	-		',17);
INSERT INTO "extrato_lancamento" VALUES(672,3,'02/03			CXE TELEMAR OI 370556509	7619	70,57	-		',17);
INSERT INTO "extrato_lancamento" VALUES(673,3,'02/03			SISPAG SAMSUNG S L S T	910	53,60			',17);
INSERT INTO "extrato_lancamento" VALUES(674,3,'02/03			TAR SAQUE TERMINAL		1,70	-		',17);
INSERT INTO "extrato_lancamento" VALUES(675,3,'02/03			SDO CTA/APL AUTOMATICAS				8.117,37	',17);
INSERT INTO "extrato_lancamento" VALUES(676,3,'05/03			SDO CTA/APL AUTOMATICAS				8.117,45	',17);
INSERT INTO "extrato_lancamento" VALUES(677,3,'06/03			CXE 001594 SAQUE	7619	50,00	-		',17);
INSERT INTO "extrato_lancamento" VALUES(678,3,'06/03			SDO CTA/APL AUTOMATICAS				8.067,48	',17);
INSERT INTO "extrato_lancamento" VALUES(679,3,'07/03			CH COMPENSADO 033 000006	5939	60,00	-		',17);
INSERT INTO "extrato_lancamento" VALUES(680,3,'07/03			SAQUE 24H 19984194	5086	60,00	-		',17);
INSERT INTO "extrato_lancamento" VALUES(681,3,'07/03			SDO CTA/APL AUTOMATICAS				7.947,53	',17);
INSERT INTO "extrato_lancamento" VALUES(682,3,'08/03			SDO CTA/APL AUTOMATICAS				7.947,60	',17);
INSERT INTO "extrato_lancamento" VALUES(683,3,'09/03	D		CXE DOC 799236	7619	800,00	-		',17);
INSERT INTO "extrato_lancamento" VALUES(684,3,'09/03			SDO CTA/APL AUTOMATICAS				7.147,65	',17);
INSERT INTO "extrato_lancamento" VALUES(685,3,'12/03			RSHOP-COOP 12 VL -10/03	5934	14,12	-		',17);
INSERT INTO "extrato_lancamento" VALUES(686,3,'12/03			RSHOP-LJ 2056 EXT-10/03	5934	3,99	-		',17);
INSERT INTO "extrato_lancamento" VALUES(687,3,'12/03			RSHOP-OUTBACK ELD-09/03	5934	42,50	-		',17);
INSERT INTO "extrato_lancamento" VALUES(688,3,'12/03			SAQUE 24H 22585509	5086	50,00	-		',17);
INSERT INTO "extrato_lancamento" VALUES(689,3,'12/03	D		CXE PAG TIT BANCO 237	8754	56,20	-		',17);
INSERT INTO "extrato_lancamento" VALUES(690,3,'12/03			SDO CTA/APL AUTOMATICAS				6.981,00	',17);
INSERT INTO "extrato_lancamento" VALUES(691,3,'13/03			CXE 000539 SAQUE	7619	450,00	-		',17);
INSERT INTO "extrato_lancamento" VALUES(692,3,'13/03			TAR DOC ELETRONICO		3,90	-		',17);
INSERT INTO "extrato_lancamento" VALUES(693,3,'13/03			SDO CTA/APL AUTOMATICAS				6.527,12	',17);
INSERT INTO "extrato_lancamento" VALUES(694,3,'14/03			SDO CTA/APL AUTOMATICAS				6.527,16	',17);
INSERT INTO "extrato_lancamento" VALUES(695,3,'15/03			CXE SEMASA 01176140	7619	37,30	-		',17);
INSERT INTO "extrato_lancamento" VALUES(696,3,'15/03			REMUNERACAO/SALARIO	910	1.720,00			',17);
INSERT INTO "extrato_lancamento" VALUES(697,3,'15/03			SDO CTA/APL AUTOMATICAS				8.209,91	',17);
INSERT INTO "extrato_lancamento" VALUES(698,3,'16/03			SDO CTA/APL AUTOMATICAS				8.210,24	',17);
INSERT INTO "extrato_lancamento" VALUES(699,3,'19/03			CXE 000521 SAQUE 18/03	7619	50,00	-		',17);
INSERT INTO "extrato_lancamento" VALUES(700,3,'19/03			RSHOP-COOP 12 VL -17/03	5934	10,03	-		',17);
INSERT INTO "extrato_lancamento" VALUES(701,3,'19/03			RSHOP-EMPORIO MOR-17/03	5934	3,50	-		',17);
INSERT INTO "extrato_lancamento" VALUES(702,3,'19/03			RSHOP-MC DONALD S-18/03	5934	12,50	-		',17);
INSERT INTO "extrato_lancamento" VALUES(703,3,'19/03			RSHOP-PAO DE ACUC-18/03	5934	56,01	-		',17);
INSERT INTO "extrato_lancamento" VALUES(704,3,'19/03			RSHOP-RANGOS -16/03	5934	2,90	-		',17);
INSERT INTO "extrato_lancamento" VALUES(705,3,'19/03			RSHOP-VIENA EXPRE-18/03	5934	23,26	-		',17);
INSERT INTO "extrato_lancamento" VALUES(706,3,'19/03			SDO CTA/APL AUTOMATICAS				8.052,14	',17);
INSERT INTO "extrato_lancamento" VALUES(707,3,'20/03			RSHOP-CHAMINE BAR-19/03	5934	13,20	-		',17);
INSERT INTO "extrato_lancamento" VALUES(708,3,'20/03			RSHOP-PAPEL CRAFT-19/03	5934	7,00	-		',17);
INSERT INTO "extrato_lancamento" VALUES(709,3,'20/03			SDO CTA/APL AUTOMATICAS				8.031,99	',17);
INSERT INTO "extrato_lancamento" VALUES(710,3,'21/03			RSHOP-ALFANDEGAH -20/03	5934	8,62	-		',17);
INSERT INTO "extrato_lancamento" VALUES(711,3,'21/03			RSHOP-PAPELARIA E-20/03	5934	22,00	-		',17);
INSERT INTO "extrato_lancamento" VALUES(712,3,'21/03			RSHOP-RESTAURANTE-20/03	5934	3,00	-		',17);
INSERT INTO "extrato_lancamento" VALUES(713,3,'21/03			SDO CTA/APL AUTOMATICAS				7.998,44	',17);
INSERT INTO "extrato_lancamento" VALUES(714,3,'22/03			CXE 001172 SAQUE	7619	50,00	-		',17);
INSERT INTO "extrato_lancamento" VALUES(715,3,'22/03			RSHOP-GIRASSOL -21/03	5934	14,90	-		',17);
INSERT INTO "extrato_lancamento" VALUES(716,3,'22/03			TED 399.0454SAMSUNG S L		4.614,54			',17);
INSERT INTO "extrato_lancamento" VALUES(717,3,'22/03			SDO CTA/APL AUTOMATICAS				12.548,14	',17);
INSERT INTO "extrato_lancamento" VALUES(718,3,'23/03			RSHOP-GIRASSOL -22/03	5934	9,82	-		',17);
INSERT INTO "extrato_lancamento" VALUES(719,3,'23/03			RSHOP-SONDA SUPER-22/03	5934	11,37	-		',17);
INSERT INTO "extrato_lancamento" VALUES(720,3,'23/03			SDO CTA/APL AUTOMATICAS				12.527,03	',17);
INSERT INTO "extrato_lancamento" VALUES(721,3,'26/03			RSHOP-BURGER KING-25/03	5934	11,90	-		',17);
INSERT INTO "extrato_lancamento" VALUES(722,3,'26/03			RSHOP-DROGARIA SA-25/03	5934	6,90	-		',17);
INSERT INTO "extrato_lancamento" VALUES(723,3,'26/03			RSHOP-EXTRA STO A-24/03	5934	19,90	-		',17);
INSERT INTO "extrato_lancamento" VALUES(724,3,'26/03			RSHOP-EXTRA STO A-25/03	5934	13,49	-		',17);
INSERT INTO "extrato_lancamento" VALUES(725,3,'26/03			RSHOP-GIRASSOL -23/03	5934	16,95	-		',17);
INSERT INTO "extrato_lancamento" VALUES(726,3,'26/03			RSHOP-KALUNGA ABC-25/03	5934	10,80	-		',17);
INSERT INTO "extrato_lancamento" VALUES(727,3,'26/03			RSHOP-PONTAL LOJ-25/03	5934	89,99	-		',17);
INSERT INTO "extrato_lancamento" VALUES(728,3,'26/03			RSHOP-REI DO MATE-25/03	5934	4,30	-		',17);
INSERT INTO "extrato_lancamento" VALUES(729,3,'26/03			RSHOP-SKY ASIA -24/03	5934	20,02	-		',17);
INSERT INTO "extrato_lancamento" VALUES(730,3,'26/03			CXE PAG TIT 112793628788	8725	341,40	-		',17);
INSERT INTO "extrato_lancamento" VALUES(731,3,'26/03			SDO CTA/APL AUTOMATICAS				11.991,50	',17);
INSERT INTO "extrato_lancamento" VALUES(732,3,'27/03	D		CH COMPENSADO 033 000007	5939	1.500,00	-		',17);
INSERT INTO "extrato_lancamento" VALUES(733,3,'27/03			RSHOP-GIRASSOL -26/03	5934	13,28	-		',17);
INSERT INTO "extrato_lancamento" VALUES(734,3,'27/03			SAQUE 24H 09846841	5086	100,00	-		',17);
INSERT INTO "extrato_lancamento" VALUES(735,3,'27/03			DEV CH000007 SEM FAVOREC	5934	1.500,00			',17);
INSERT INTO "extrato_lancamento" VALUES(736,3,'27/03			SDO CTA/APL AUTOMATICAS				11.878,30	',17);
INSERT INTO "extrato_lancamento" VALUES(737,3,'28/03			RSHOP-CHAMINE BAR-27/03	5934	17,60	-		',17);
INSERT INTO "extrato_lancamento" VALUES(738,3,'28/03			SAQUE 24H 01738111	5086	40,00	-		',17);
INSERT INTO "extrato_lancamento" VALUES(739,3,'28/03			SDO CTA/APL AUTOMATICAS				11.820,78	',17);
INSERT INTO "extrato_lancamento" VALUES(740,3,'29/03	D		CH COMPENSADO 033 000007	5939	1.500,00	-		',17);
INSERT INTO "extrato_lancamento" VALUES(741,3,'29/03			RSHOP-GIRASSOL -28/03	5934	31,90	-		',17);
INSERT INTO "extrato_lancamento" VALUES(742,3,'29/03			SDO CTA/APL AUTOMATICAS				10.289,74	',17);
INSERT INTO "extrato_lancamento" VALUES(743,3,'30/03			RSHOP-GIRASSOL -29/03	5934	16,40	-		',17);
INSERT INTO "extrato_lancamento" VALUES(744,3,'30/03			SDO CTA/APL AUTOMATICAS				10.273,41',17);
INSERT INTO "extrato_lancamento" VALUES(745,3,'30/03			SALDO ANTERIOR				10,00	',17);
INSERT INTO "extrato_lancamento" VALUES(746,3,'02/04			RSHOP-ABC CHICK C-01/04	5934	3,00	-		',17);
INSERT INTO "extrato_lancamento" VALUES(747,3,'02/04			RSHOP-CHAMINE BAR-30/03	5934	24,60	-		',17);
INSERT INTO "extrato_lancamento" VALUES(748,3,'02/04			RSHOP-LJ 2056 EXT-31/03	5934	16,34	-		',17);
INSERT INTO "extrato_lancamento" VALUES(749,3,'02/04			RSHOP-PIZZA HUT 9-01/04	5934	10,90	-		',17);
INSERT INTO "extrato_lancamento" VALUES(750,3,'02/04			SDO CTA/APL AUTOMATICAS				10.218,70	',17);
INSERT INTO "extrato_lancamento" VALUES(751,3,'03/04			RSHOP-CHAMINE BAR-02/04	5934	12,20	-		',17);
INSERT INTO "extrato_lancamento" VALUES(752,3,'03/04			RSHOP-PIZZA HUT 9-02/04	5934	10,90	-		',17);
INSERT INTO "extrato_lancamento" VALUES(753,3,'03/04			CXE TELEMAR OI 375543374	6874	49,90	-		',17);
INSERT INTO "extrato_lancamento" VALUES(754,3,'03/04			TBI 0754.58020-7rmonico	4175	2.309,00			',17);
INSERT INTO "extrato_lancamento" VALUES(755,3,'03/04			TAR SAQUE TERMINAL		1,70	-		',17);
INSERT INTO "extrato_lancamento" VALUES(756,3,'03/04			SDO CTA/APL AUTOMATICAS				12.453,05	',17);
INSERT INTO "extrato_lancamento" VALUES(757,3,'04/04			RSHOP-GIRASSOL -03/04	5934	14,67	-		',17);
INSERT INTO "extrato_lancamento" VALUES(758,3,'04/04			SAQUE 24H 14502298	5086	50,00	-		',17);
INSERT INTO "extrato_lancamento" VALUES(759,3,'04/04			SDO CTA/APL AUTOMATICAS				12.388,48	',17);
INSERT INTO "extrato_lancamento" VALUES(760,3,'05/04			RSHOP-GIRASSOL -04/04	5934	11,32	-		',17);
INSERT INTO "extrato_lancamento" VALUES(761,3,'05/04			SDO CTA/APL AUTOMATICAS				12.377,25	',17);
INSERT INTO "extrato_lancamento" VALUES(762,3,'09/04			RSHOP-GIRASSOL -05/04	5934	10,69	-		',17);
INSERT INTO "extrato_lancamento" VALUES(763,3,'09/04			RSHOP-PHARMACIA E-07/04	5934	268,00	-		',17);
INSERT INTO "extrato_lancamento" VALUES(764,3,'09/04			RSHOP-REI DO MATE-06/04	5934	4,30	-		',17);
INSERT INTO "extrato_lancamento" VALUES(765,3,'09/04			RSHOP-SKY ASIA -06/04	5934	17,68	-		',17);
INSERT INTO "extrato_lancamento" VALUES(766,3,'09/04			SDO CTA/APL AUTOMATICAS				12.076,72	',17);
INSERT INTO "extrato_lancamento" VALUES(767,3,'10/04			RSHOP-CHAMINE BAR-09/04	5934	12,90	-		',17);
INSERT INTO "extrato_lancamento" VALUES(768,3,'10/04			SDO CTA/APL AUTOMATICAS				12.063,90	',17);
INSERT INTO "extrato_lancamento" VALUES(769,3,'11/04			RSHOP-GIRASSOL -10/04	5934	12,76	-		',17);
INSERT INTO "extrato_lancamento" VALUES(770,3,'11/04	D		CXE PAG TIT BANCO 033	6874	1.654,56	-		',17);
INSERT INTO "extrato_lancamento" VALUES(771,3,'11/04			SDO CTA/APL AUTOMATICAS				10.396,69	',17);
INSERT INTO "extrato_lancamento" VALUES(772,3,'12/04			CXE 000406 SAQUE	8725	50,00	-		',17);
INSERT INTO "extrato_lancamento" VALUES(773,3,'12/04			RSHOP-RESTAURANTE-11/04	5934	10,07	-		',17);
INSERT INTO "extrato_lancamento" VALUES(774,3,'12/04			SDO CTA/APL AUTOMATICAS				10.336,70	',17);
INSERT INTO "extrato_lancamento" VALUES(775,3,'13/04			SDO CTA/APL AUTOMATICAS				10.336,81	',17);
INSERT INTO "extrato_lancamento" VALUES(776,3,'16/04			CXE 003400 SAQUE	7619	50,00	-		',17);
INSERT INTO "extrato_lancamento" VALUES(777,3,'16/04			CXE 002782 SAQUE 15/04	9360	120,00	-		',17);
INSERT INTO "extrato_lancamento" VALUES(778,3,'16/04			CXE 002790 SAQUE 15/04	9360	30,00	-		',17);
INSERT INTO "extrato_lancamento" VALUES(779,3,'16/04			RSHOP-BAR DO PARQ-13/04	5934	11,94	-		',17);
INSERT INTO "extrato_lancamento" VALUES(780,3,'16/04			RSHOP-BURGER KING-14/04	5934	15,90	-		',17);
INSERT INTO "extrato_lancamento" VALUES(781,3,'16/04			RSHOP-EXTRA STO A-14/04	5934	14,65	-		',17);
INSERT INTO "extrato_lancamento" VALUES(782,3,'16/04			RSHOP-MATE TODO S-14/04	5934	3,20	-		',17);
INSERT INTO "extrato_lancamento" VALUES(783,3,'16/04			RSHOP-REI DO MATE-14/04	5934	4,00	-		',17);
INSERT INTO "extrato_lancamento" VALUES(784,3,'16/04			SAQUE 24H 06860597 14/04	5086	150,00	-		',17);
INSERT INTO "extrato_lancamento" VALUES(785,3,'16/04			SDO CTA/APL AUTOMATICAS				9.937,47	',17);
INSERT INTO "extrato_lancamento" VALUES(786,3,'17/04			RSHOP-CHAMINE BAR-16/04	5934	12,90	-		',17);
INSERT INTO "extrato_lancamento" VALUES(787,3,'17/04			RSHOP-COMPREBEM T-16/04	5934	6,04	-		',17);
INSERT INTO "extrato_lancamento" VALUES(788,3,'17/04	D		CXE PAG TIT BANCO 237	6874	169,58	-		',17);
INSERT INTO "extrato_lancamento" VALUES(789,3,'17/04			SDO CTA/APL AUTOMATICAS				9.749,04	',17);
INSERT INTO "extrato_lancamento" VALUES(790,3,'18/04			RSHOP-RESTAURANTE-17/04	5934	17,63	-		',17);
INSERT INTO "extrato_lancamento" VALUES(791,3,'18/04			SDO CTA/APL AUTOMATICAS				9.731,50	',17);
INSERT INTO "extrato_lancamento" VALUES(792,3,'19/04			CXE 001305 SAQUE	6874	100,00	-		',17);
INSERT INTO "extrato_lancamento" VALUES(793,3,'19/04			RSHOP-BAR DO ALEM-18/04	5934	15,40	-		',17);
INSERT INTO "extrato_lancamento" VALUES(794,3,'19/04			SDO CTA/APL AUTOMATICAS				9.616,21	',17);
INSERT INTO "extrato_lancamento" VALUES(795,3,'20/04			RSHOP-GIRASSOL -19/04	5934	12,28	-		',17);
INSERT INTO "extrato_lancamento" VALUES(796,3,'20/04			CXE TELEFONICA 561001201	6874	53,13	-		',17);
INSERT INTO "extrato_lancamento" VALUES(797,3,'20/04			SDO CTA/APL AUTOMATICAS				9.550,89	',17);
INSERT INTO "extrato_lancamento" VALUES(798,3,'23/04	D		CH COMPENSADO 033 000008	5939	1.100,00	-		',18);
INSERT INTO "extrato_lancamento" VALUES(799,3,'23/04			CXE 002592 SAQUE	6874	40,00	-		',18);
INSERT INTO "extrato_lancamento" VALUES(800,3,'23/04			RSHOP-CHAMINE BAR-20/04	5934	19,90	-		',18);
INSERT INTO "extrato_lancamento" VALUES(801,3,'23/04			SDO CTA/APL AUTOMATICAS				8.391,84	',18);
INSERT INTO "extrato_lancamento" VALUES(802,3,'24/04			RSHOP-CHAMINE BAR-23/04	5934	15,60	-		',18);
INSERT INTO "extrato_lancamento" VALUES(803,3,'24/04			CXE PAG TIT 112883623798	6874	341,40	-		',18);
INSERT INTO "extrato_lancamento" VALUES(804,3,'24/04			SDO CTA/APL AUTOMATICAS				8.034,94	',18);
INSERT INTO "extrato_lancamento" VALUES(805,3,'25/04			RSHOP-GIRASSOL -24/04	5934	13,72	-		',18);
INSERT INTO "extrato_lancamento" VALUES(806,3,'25/04			SDO CTA/APL AUTOMATICAS				8.021,30	',18);
INSERT INTO "extrato_lancamento" VALUES(807,3,'26/04			RSHOP-MICHELLINA -25/04	5934	13,90	-		',18);
INSERT INTO "extrato_lancamento" VALUES(808,3,'26/04			SDO CTA/APL AUTOMATICAS				8.007,48	',18);
INSERT INTO "extrato_lancamento" VALUES(809,3,'27/04			RSHOP-CHAMINE BAR-26/04	5934	16,60	-		',18);
INSERT INTO "extrato_lancamento" VALUES(810,3,'27/04			SDO CTA/APL AUTOMATICAS				7.990,99	',18);
INSERT INTO "extrato_lancamento" VALUES(812,3,'30/04	D		CH COMPENSADO 033 000009	5939	400,00	-		',19);
INSERT INTO "extrato_lancamento" VALUES(813,3,'30/04			CXE 000745 SAQUE 28/04	20	100,00	-		',19);
INSERT INTO "extrato_lancamento" VALUES(814,3,'30/04			RSHOP-ABC CHICK C-29/04	5934	4,00	-		',19);
INSERT INTO "extrato_lancamento" VALUES(815,3,'30/04			RSHOP-DROGARIA SA-28/04	5934	16,81	-		',19);
INSERT INTO "extrato_lancamento" VALUES(816,3,'30/04			RSHOP-EXTRA STO A-28/04	5934	25,38	-		',19);
INSERT INTO "extrato_lancamento" VALUES(817,3,'30/04			RSHOP-GIRASSOL -27/04	5934	11,93	-		',19);
INSERT INTO "extrato_lancamento" VALUES(818,3,'30/04			RSHOP-LOJA DO REA-28/04	5934	24,90	-		',19);
INSERT INTO "extrato_lancamento" VALUES(819,3,'30/04			RSHOP-PIZZA HUT 9-29/04	5934	9,90	-		',19);
INSERT INTO "extrato_lancamento" VALUES(820,3,'30/04			RSHOP-VIA ELETRIC-28/04	5934	27,30	-		',19);
INSERT INTO "extrato_lancamento" VALUES(821,3,'30/04			S A L D O				7.370,85	',19);
INSERT INTO "extrato_lancamento" VALUES(822,3,'01/05			SDO CTA/APL AUTOMATICAS				7.370,85	',19);
INSERT INTO "extrato_lancamento" VALUES(823,3,'02/05			RSHOP-ABC COMP E-30/04	5934	19,00	-		',19);
INSERT INTO "extrato_lancamento" VALUES(824,3,'02/05			RSHOP-COOP 10 PER-30/04	5934	22,11	-		',19);
INSERT INTO "extrato_lancamento" VALUES(825,3,'02/05			TBI 0754.58020-7rmonico	4175	3.360,00			',19);
INSERT INTO "extrato_lancamento" VALUES(826,3,'02/05			SDO CTA/APL AUTOMATICAS				10.689,84	',19);
INSERT INTO "extrato_lancamento" VALUES(827,3,'03/05			CXE 001776 SAQUE	6874	60,00	-		',19);
INSERT INTO "extrato_lancamento" VALUES(828,3,'03/05			RSHOP-GIRASSOL -02/05	5934	20,26	-		',19);
INSERT INTO "extrato_lancamento" VALUES(829,3,'03/05			SDO CTA/APL AUTOMATICAS				10.609,99	',19);
INSERT INTO "extrato_lancamento" VALUES(830,3,'04/05			RSHOP-GIRASSOL -03/05	5934	13,56	-		',19);
INSERT INTO "extrato_lancamento" VALUES(831,3,'04/05			SDO CTA/APL AUTOMATICAS				10.596,55	',19);
INSERT INTO "extrato_lancamento" VALUES(832,3,'07/05			RSHOP-ABC CHICK C-05/05	5934	8,00	-		',19);
INSERT INTO "extrato_lancamento" VALUES(833,3,'07/05			RSHOP-CHAMINE BAR-04/05	5934	13,90	-		',19);
INSERT INTO "extrato_lancamento" VALUES(834,3,'07/05			RSHOP-COOP 12 VL -06/05	5934	15,25	-		',19);
INSERT INTO "extrato_lancamento" VALUES(835,3,'07/05			SAQUE 24H 13861893 05/05	5086	40,00	-		',19);
INSERT INTO "extrato_lancamento" VALUES(836,3,'07/05			SAQUE 24H 31679426 06/05	5086	20,00	-		',19);
INSERT INTO "extrato_lancamento" VALUES(837,3,'07/05			SDO CTA/APL AUTOMATICAS				10.499,50	',19);
INSERT INTO "extrato_lancamento" VALUES(838,3,'08/05			RSHOP-CHAMINE BAR-07/05	5934	13,70	-		',19);
INSERT INTO "extrato_lancamento" VALUES(839,3,'08/05			SDO CTA/APL AUTOMATICAS				10.485,89	',19);
INSERT INTO "extrato_lancamento" VALUES(840,3,'09/05			CXE 002162 SAQUE	7619	170,00	-		',19);
INSERT INTO "extrato_lancamento" VALUES(841,3,'09/05			RSHOP-CHAMINE BAR-08/05	5934	15,50	-		',19);
INSERT INTO "extrato_lancamento" VALUES(842,3,'09/05			SDO CTA/APL AUTOMATICAS				10.300,49	',19);
INSERT INTO "extrato_lancamento" VALUES(843,3,'10/05			RSHOP-EBISSU -09/05	5934	22,60	-		',19);
INSERT INTO "extrato_lancamento" VALUES(844,3,'10/05	D		CXE PAG TIT BANCO 237	6874	103,38	-		',19);
INSERT INTO "extrato_lancamento" VALUES(845,3,'10/05			CXE TELEMAR OI 380410534	6874	145,44	-		',19);
INSERT INTO "extrato_lancamento" VALUES(846,3,'10/05			SDO CTA/APL AUTOMATICAS				10.029,18	',19);
INSERT INTO "extrato_lancamento" VALUES(847,3,'11/05			CXE 000539 SAQUE	8725	420,00	-		',19);
INSERT INTO "extrato_lancamento" VALUES(848,3,'11/05			RSHOP-ALFANDEGAH -10/05	5934	7,52	-		',19);
INSERT INTO "extrato_lancamento" VALUES(849,3,'11/05			RSHOP-CHAMINE BAR-10/05	5934	3,70	-		',19);
INSERT INTO "extrato_lancamento" VALUES(850,3,'11/05	D		CXE PAG TIT BANCO 033	6874	192,80	-		',19);
INSERT INTO "extrato_lancamento" VALUES(851,3,'11/05			SDO CTA/APL AUTOMATICAS				9.405,24	',19);
INSERT INTO "extrato_lancamento" VALUES(852,3,'14/05			RSHOP-COOP 12 VL -12/05	5934	3,38	-		',19);
INSERT INTO "extrato_lancamento" VALUES(853,3,'14/05			RSHOP-FERNANDES E-12/05	5934	5,89	-		',19);
INSERT INTO "extrato_lancamento" VALUES(854,3,'14/05			RSHOP-GIRASSOL -11/05	5934	13,08	-		',19);
INSERT INTO "extrato_lancamento" VALUES(855,3,'14/05			RSHOP-PIZZA HUT 9-12/05	5934	10,90	-		',19);
INSERT INTO "extrato_lancamento" VALUES(856,3,'14/05			SAQUE 24H 09839622 12/05	5086	70,00	-		',19);
INSERT INTO "extrato_lancamento" VALUES(857,3,'14/05			SDO CTA/APL AUTOMATICAS				9.302,08	',19);
INSERT INTO "extrato_lancamento" VALUES(858,3,'15/05			CXE 000315 SAQUE	7619	60,00	-		',19);
INSERT INTO "extrato_lancamento" VALUES(859,3,'15/05			RSHOP-CHAMINE BAR-14/05	5934	13,20	-		',19);
INSERT INTO "extrato_lancamento" VALUES(860,3,'15/05			CXE SEMASA 01176140	6874	36,48	-		',19);
INSERT INTO "extrato_lancamento" VALUES(861,3,'15/05			SDO CTA/APL AUTOMATICAS				9.192,50	',19);
INSERT INTO "extrato_lancamento" VALUES(862,3,'16/05			CXE 000315 SAQUE	7619	200,00	-		',19);
INSERT INTO "extrato_lancamento" VALUES(863,3,'16/05			RSHOP-CHAMINE BAR-15/05	5934	12,40	-		',19);
INSERT INTO "extrato_lancamento" VALUES(864,3,'16/05			SDO CTA/APL AUTOMATICAS				8.980,16	',19);
INSERT INTO "extrato_lancamento" VALUES(865,3,'17/05			CXE 000240 SAQUE	6874	150,00	-		',19);
INSERT INTO "extrato_lancamento" VALUES(866,3,'17/05			RSHOP-GIRASSOL -16/05	5934	11,32	-		',19);
INSERT INTO "extrato_lancamento" VALUES(867,3,'17/05			SDO CTA/APL AUTOMATICAS				8.818,94	',19);
INSERT INTO "extrato_lancamento" VALUES(868,3,'18/05			RSHOP-GIRASSOL -17/05	5934	11,32	-		',19);
INSERT INTO "extrato_lancamento" VALUES(869,3,'18/05			SDO CTA/APL AUTOMATICAS				8.807,71	',19);
INSERT INTO "extrato_lancamento" VALUES(870,3,'21/05			CXE 001552 SAQUE	1514	420,00	-		',19);
INSERT INTO "extrato_lancamento" VALUES(871,3,'21/05			RSHOP-BRASILEIRA -19/05	5934	6,00	-		',19);
INSERT INTO "extrato_lancamento" VALUES(872,3,'21/05			RSHOP-BURGER KING-20/05	5934	11,90	-		',19);
INSERT INTO "extrato_lancamento" VALUES(873,3,'21/05			RSHOP-BURGER KING-20/05	5934	15,90	-		',19);
INSERT INTO "extrato_lancamento" VALUES(874,3,'21/05			RSHOP-CINEMARK AB-19/05	5934	32,00	-		',19);
INSERT INTO "extrato_lancamento" VALUES(875,3,'21/05			RSHOP-DONA DAMA R-18/05	5934	11,74	-		',19);
INSERT INTO "extrato_lancamento" VALUES(876,3,'21/05			RSHOP-SKY ASIA -19/05	5934	13,61	-		',19);
INSERT INTO "extrato_lancamento" VALUES(877,3,'21/05			RSHOP-Z LIANLIAN -19/05	5934	45,00	-		',19);
INSERT INTO "extrato_lancamento" VALUES(878,3,'21/05			CXE TELEFONICA 561001201	1514	53,13	-		',19);
INSERT INTO "extrato_lancamento" VALUES(879,3,'21/05			SDO CTA/APL AUTOMATICAS				8.198,54	',19);
INSERT INTO "extrato_lancamento" VALUES(880,3,'22/05			RSHOP-RESTAURANTE-21/05	5934	9,89	-		',19);
INSERT INTO "extrato_lancamento" VALUES(881,3,'22/05			SDO CTA/APL AUTOMATICAS				8.188,72	',19);
INSERT INTO "extrato_lancamento" VALUES(882,3,'23/05			RSHOP-CHAMINE BAR-22/05	5934	14,80	-		',19);
INSERT INTO "extrato_lancamento" VALUES(883,3,'23/05			SDO CTA/APL AUTOMATICAS				8.174,01	',19);
INSERT INTO "extrato_lancamento" VALUES(884,3,'24/05			CXE 001412 SAQUE	6874	20,00	-		',19);
INSERT INTO "extrato_lancamento" VALUES(885,3,'24/05			RSHOP-RESTAURANTE-23/05	5934	16,00	-		',19);
INSERT INTO "extrato_lancamento" VALUES(886,3,'24/05			SDO CTA/APL AUTOMATICAS				8.138,09	',19);
INSERT INTO "extrato_lancamento" VALUES(887,3,'25/05			RSHOP-GIRASSOL -24/05	5934	11,00	-		',19);
INSERT INTO "extrato_lancamento" VALUES(888,3,'25/05			SDO CTA/APL AUTOMATICAS				8.127,17	',19);
INSERT INTO "extrato_lancamento" VALUES(889,3,'28/05			SDO CTA/APL AUTOMATICAS				8.127,27	',19);
INSERT INTO "extrato_lancamento" VALUES(890,3,'29/05			RSHOP-CHAMINE BAR-28/05	5934	15,60	-		',19);
INSERT INTO "extrato_lancamento" VALUES(891,3,'29/05			SDO CTA/APL AUTOMATICAS				8.111,76	',19);
INSERT INTO "extrato_lancamento" VALUES(892,3,'30/05			CXE 002220 SAQUE	7619	80,00	-		',19);
INSERT INTO "extrato_lancamento" VALUES(893,3,'30/05			RSHOP-DONA DAMA R-29/05	5934	13,39	-		',19);
INSERT INTO "extrato_lancamento" VALUES(894,3,'30/05			SDO CTA/APL AUTOMATICAS				8.018,46	',19);
INSERT INTO "extrato_lancamento" VALUES(895,3,'31/05			RSHOP-ALFANDEGAH -30/05	5934	8,23	-		',19);
INSERT INTO "extrato_lancamento" VALUES(896,3,'31/05			SDO CTA/APL AUTOMATICAS				8.010,33	',19);
INSERT INTO "extrato_lancamento" VALUES(897,3,'01/06			RSHOP-CHAMINE BAR-31/05		11,90	-		',19);
INSERT INTO "extrato_lancamento" VALUES(898,3,'01/06			S A L D O				10,13	-',19);
INSERT INTO "extrato_lancamento" VALUES(899,3,'01/06			SISPAG INT SALARIO	754	3.458,00			',20);
INSERT INTO "extrato_lancamento" VALUES(900,3,'01/06			SDO CTA/APL AUTOMATICAS				11.457,05	',20);
INSERT INTO "extrato_lancamento" VALUES(901,3,'04/06			CXE 001693 SAQUE	6874	60,00	-		',20);
INSERT INTO "extrato_lancamento" VALUES(902,3,'04/06			RSHOP-GIRASSOL -01/06	5934	18,15	-		',20);
INSERT INTO "extrato_lancamento" VALUES(903,3,'04/06			RSHOP-PASTEL DE B-03/06	5934	24,00	-		',20);
INSERT INTO "extrato_lancamento" VALUES(904,3,'04/06			TAR SAQUE TERMINAL		5,10	-		',20);
INSERT INTO "extrato_lancamento" VALUES(905,3,'04/06			SDO CTA/APL AUTOMATICAS				11.349,88	',20);
INSERT INTO "extrato_lancamento" VALUES(906,3,'05/06			RSHOP-ARABE S -04/06	5934	7,20	-		',20);
INSERT INTO "extrato_lancamento" VALUES(907,3,'05/06			RSHOP-DONA DAMA R-04/06	5934	15,75	-		',20);
INSERT INTO "extrato_lancamento" VALUES(908,3,'05/06	D		CXE PAG TIT BANCO 033	6874	341,40	-		',20);
INSERT INTO "extrato_lancamento" VALUES(909,3,'05/06			SDO CTA/APL AUTOMATICAS				10.985,63	',20);
INSERT INTO "extrato_lancamento" VALUES(910,3,'06/06			RSHOP-CHAMINE BAR-05/06	5934	14,40	-		',20);
INSERT INTO "extrato_lancamento" VALUES(911,3,'06/06			RSHOP-SONDA SUPER-05/06	5934	6,35	-		',20);
INSERT INTO "extrato_lancamento" VALUES(912,3,'06/06			SDO CTA/APL AUTOMATICAS				10.964,98	',20);
INSERT INTO "extrato_lancamento" VALUES(913,3,'08/06			CXE 003723 SAQUE	9360	120,00	-		',20);
INSERT INTO "extrato_lancamento" VALUES(914,3,'08/06			RSHOP-ALFANDEGAH -06/06	5934	7,78	-		',20);
INSERT INTO "extrato_lancamento" VALUES(915,3,'08/06			RSHOP-ARABE S -06/06	5934	3,60	-		',20);
INSERT INTO "extrato_lancamento" VALUES(916,3,'08/06			RSHOP-BOB S PAULI-07/06	5934	28,50	-		',20);
INSERT INTO "extrato_lancamento" VALUES(917,3,'08/06			SDO CTA/APL AUTOMATICAS				10.805,21	',20);
INSERT INTO "extrato_lancamento" VALUES(918,3,'11/06			RSHOP-BURGER KING-08/06	5934	11,90	-		',20);
INSERT INTO "extrato_lancamento" VALUES(919,3,'11/06			RSHOP-COOP 12 VL -10/06	5934	2,17	-		',20);
INSERT INTO "extrato_lancamento" VALUES(920,3,'11/06			RSHOP-MATE TODO S-10/06	5934	8,30	-		',20);
INSERT INTO "extrato_lancamento" VALUES(921,3,'11/06			RSHOP-ROASTED POT-10/06	5934	33,00	-		',20);
INSERT INTO "extrato_lancamento" VALUES(922,3,'11/06			RSHOP-SARAIVA ABC-10/06	5934	16,90	-		',20);
INSERT INTO "extrato_lancamento" VALUES(923,3,'11/06			RSHOP-SARAIVA HIG-09/06	5934	49,00	-		',20);
INSERT INTO "extrato_lancamento" VALUES(924,3,'11/06			RSHOP-SKY ASIA -09/06	5934	20,53	-		',20);
INSERT INTO "extrato_lancamento" VALUES(925,3,'11/06			SDO CTA/APL AUTOMATICAS				10.663,55	',20);
INSERT INTO "extrato_lancamento" VALUES(926,3,'12/06			CXE 001578 SAQUE	6874	20,00	-		',20);
INSERT INTO "extrato_lancamento" VALUES(927,3,'12/06			RSHOP-CHAMINE BAR-11/06	5934	12,90	-		',20);
INSERT INTO "extrato_lancamento" VALUES(928,3,'12/06			CXE TELEMAR OI 385554967	6874	118,75	-		',20);
INSERT INTO "extrato_lancamento" VALUES(929,3,'12/06			SDO CTA/APL AUTOMATICAS				10.511,98	',20);
INSERT INTO "extrato_lancamento" VALUES(930,3,'13/06			RSHOP-ALFANDEGAH -12/06	5934	5,49	-		',20);
INSERT INTO "extrato_lancamento" VALUES(931,3,'13/06			SDO CTA/APL AUTOMATICAS				10.506,58	',20);
INSERT INTO "extrato_lancamento" VALUES(932,3,'14/06			RSHOP-ALFANDEGAH -13/06	5934	11,38	-		',20);
INSERT INTO "extrato_lancamento" VALUES(933,3,'14/06			SDO CTA/APL AUTOMATICAS				10.495,30	',20);
INSERT INTO "extrato_lancamento" VALUES(934,3,'15/06			CXE 000265 SAQUE	8725	580,00	-		',20);
INSERT INTO "extrato_lancamento" VALUES(935,3,'15/06			RSHOP-ALFANDEGAH -14/06	5934	6,72	-		',20);
INSERT INTO "extrato_lancamento" VALUES(936,3,'15/06			SDO CTA/APL AUTOMATICAS				9.908,69	',20);
INSERT INTO "extrato_lancamento" VALUES(937,3,'18/06			CXE 002477 SAQUE	6874	60,00	-		',20);
INSERT INTO "extrato_lancamento" VALUES(938,3,'18/06			RSHOP-ALFANDEGAH -15/06	5934	8,51	-		',20);
INSERT INTO "extrato_lancamento" VALUES(939,3,'18/06			RSHOP-COKE LUXE -16/06	5934	9,00	-		',20);
INSERT INTO "extrato_lancamento" VALUES(940,3,'18/06			RSHOP-COKE LUXE -16/06	5934	9,00	-		',20);
INSERT INTO "extrato_lancamento" VALUES(941,3,'18/06			RSHOP-GRAO ESPRES-16/06	5934	12,80	-		',20);
INSERT INTO "extrato_lancamento" VALUES(942,3,'18/06			RSHOP-PADARIA BRA-17/06	5934	4,60	-		',20);
INSERT INTO "extrato_lancamento" VALUES(943,3,'18/06			SDO CTA/APL AUTOMATICAS				9.804,88	',20);
INSERT INTO "extrato_lancamento" VALUES(944,3,'19/06			RSHOP-CHAMINE BAR-18/06	5934	15,50	-		',20);
INSERT INTO "extrato_lancamento" VALUES(945,3,'19/06			RSHOP-PADARIA BRA-18/06	5934	5,30	-		',20);
INSERT INTO "extrato_lancamento" VALUES(946,3,'19/06			SDO CTA/APL AUTOMATICAS				9.784,16	',20);
INSERT INTO "extrato_lancamento" VALUES(947,3,'20/06			RSHOP-GIRASSOL -19/06	5934	14,67	-		',20);
INSERT INTO "extrato_lancamento" VALUES(948,3,'20/06			RSHOP-SKY ASIA -19/06	5934	13,82	-		',20);
INSERT INTO "extrato_lancamento" VALUES(949,3,'20/06			CXE CLARO TV 043995201	6874	69,90	-		',20);
INSERT INTO "extrato_lancamento" VALUES(950,3,'20/06			SDO CTA/APL AUTOMATICAS				9.687,33	',20);
INSERT INTO "extrato_lancamento" VALUES(951,3,'21/06			RSHOP-GIRASSOL -20/06	5934	11,48	-		',20);
INSERT INTO "extrato_lancamento" VALUES(952,3,'21/06			SDO CTA/APL AUTOMATICAS				9.675,97	',20);
INSERT INTO "extrato_lancamento" VALUES(953,3,'22/06			RSHOP-GIRASSOL -21/06	5934	11,32	-		',20);
INSERT INTO "extrato_lancamento" VALUES(954,3,'22/06			CXE SEMASA 01176140	6874	36,48	-		',20);
INSERT INTO "extrato_lancamento" VALUES(955,3,'22/06			SDO CTA/APL AUTOMATICAS				9.628,30	',20);
INSERT INTO "extrato_lancamento" VALUES(956,3,'25/06			RSHOP-BOBS -24/06	5934	17,00	-		',20);
INSERT INTO "extrato_lancamento" VALUES(957,3,'25/06			RSHOP-BOM GRILE -23/06	5934	16,90	-		',20);
INSERT INTO "extrato_lancamento" VALUES(958,3,'25/06			RSHOP-BURGER KING-22/06	5934	8,90	-		',20);
INSERT INTO "extrato_lancamento" VALUES(959,3,'25/06			RSHOP-CINEMARK AB-23/06	5934	21,00	-		',20);
INSERT INTO "extrato_lancamento" VALUES(960,3,'25/06			RSHOP-CINEMARK AB-22/06	5934	34,00	-		',20);
INSERT INTO "extrato_lancamento" VALUES(961,3,'25/06			RSHOP-GIRASSOL -22/06	5934	11,64	-		',20);
INSERT INTO "extrato_lancamento" VALUES(962,3,'25/06			RSHOP-KAA COMERCI-24/06	5934	8,90	-		',20);
INSERT INTO "extrato_lancamento" VALUES(963,3,'25/06			RSHOP-PADARIA CON-23/06	5934	11,40	-		',20);
INSERT INTO "extrato_lancamento" VALUES(964,3,'25/06			RSHOP-PIZZA HUT 9-24/06	5934	9,90	-		',20);
INSERT INTO "extrato_lancamento" VALUES(965,3,'25/06			SAQUE 24H 05686886 23/06	5086	20,00	-		',20);
INSERT INTO "extrato_lancamento" VALUES(966,3,'25/06			CXE PAG TIT 112075622988	6874	341,40	-		',20);
INSERT INTO "extrato_lancamento" VALUES(967,3,'25/06			SDO CTA/APL AUTOMATICAS				9.127,37	',20);
INSERT INTO "extrato_lancamento" VALUES(968,3,'26/06			RSHOP-GIRASSOL -25/06	5934	11,01	-		',20);
INSERT INTO "extrato_lancamento" VALUES(969,3,'26/06			SDO CTA/APL AUTOMATICAS				9.116,47	',20);
INSERT INTO "extrato_lancamento" VALUES(970,3,'27/06			RSHOP-BAR DO PARQ-26/06	5934	13,54	-		',20);
INSERT INTO "extrato_lancamento" VALUES(971,3,'27/06			SDO CTA/APL AUTOMATICAS				9.103,04	',20);
INSERT INTO "extrato_lancamento" VALUES(972,3,'28/06			RSHOP-COMPREBEM T-27/06	5934	17,43	-		',20);
INSERT INTO "extrato_lancamento" VALUES(973,3,'28/06			RSHOP-RESTAURANTE-27/06	5934	17,55	-		',20);
INSERT INTO "extrato_lancamento" VALUES(974,3,'28/06			SDO CTA/APL AUTOMATICAS				9.068,16	',20);
INSERT INTO "extrato_lancamento" VALUES(975,3,'29/06			RSHOP-DONA DAMA R-28/06	5934	12,79	-		',20);
INSERT INTO "extrato_lancamento" VALUES(976,3,'29/06			SDO CTA/APL AUTOMATICAS				9.055,48',20);
INSERT INTO "extrato_lancamento" VALUES(977,3,'02/07			CXE 000307 SAQUE 30/06	9360	200,00	-		',20);
INSERT INTO "extrato_lancamento" VALUES(978,3,'02/07			CXE 002527 SAQUE 01/07	3094	20,00	-		',20);
INSERT INTO "extrato_lancamento" VALUES(979,3,'02/07			RSHOP-BRASIL CACA-01/07	5934	3,75	-		',20);
INSERT INTO "extrato_lancamento" VALUES(980,3,'02/07			RSHOP-BURGER KING-30/06	5934	11,90	-		',20);
INSERT INTO "extrato_lancamento" VALUES(981,3,'02/07			RSHOP-CERVEJARIA -01/07	5934	3,00	-		',20);
INSERT INTO "extrato_lancamento" VALUES(982,3,'02/07			RSHOP-CHAMINE BAR-29/06	5934	15,40	-		',20);
INSERT INTO "extrato_lancamento" VALUES(983,3,'02/07			RSHOP-CORACAO MIN-01/07	5934	29,83	-		',20);
INSERT INTO "extrato_lancamento" VALUES(984,3,'02/07			RSHOP-HEXA FARMA -30/06	5934	28,55	-		',20);
INSERT INTO "extrato_lancamento" VALUES(985,3,'02/07			RSHOP-JATOBA -01/07	5934	6,00	-		',20);
INSERT INTO "extrato_lancamento" VALUES(986,3,'02/07			RSHOP-JATOBA -01/07	5934	16,00	-		',20);
INSERT INTO "extrato_lancamento" VALUES(987,3,'02/07			SISPAG INT SALARIO	754	3.458,00			',20);
INSERT INTO "extrato_lancamento" VALUES(988,3,'02/07			SDO CTA/APL AUTOMATICAS				12.182,13	',20);
INSERT INTO "extrato_lancamento" VALUES(989,3,'03/07			CXE 001230 SAQUE	6874	140,00	-		',20);
INSERT INTO "extrato_lancamento" VALUES(990,3,'03/07			TAR MAXICONTA MENS 06/12		10,09	-		',20);
INSERT INTO "extrato_lancamento" VALUES(991,3,'03/07			SDO CTA/APL AUTOMATICAS				12.032,20	',20);
INSERT INTO "extrato_lancamento" VALUES(992,3,'04/07			CXE 001222 SAQUE	6874	120,00	-		',20);
INSERT INTO "extrato_lancamento" VALUES(993,3,'04/07			RSHOP-CHAMINE BAR-03/07	5934	13,90	-		',20);
INSERT INTO "extrato_lancamento" VALUES(994,3,'04/07			RSHOP-EXTRA FORM-03/07	5934	29,60	-		',20);
INSERT INTO "extrato_lancamento" VALUES(995,3,'04/07			RSHOP-SKY ASIA -03/07	5934	19,35	-		',20);
INSERT INTO "extrato_lancamento" VALUES(996,3,'04/07	D		CXE PAG TIT BANCO 033	6874	63,25	-		',20);
INSERT INTO "extrato_lancamento" VALUES(997,3,'04/07			SDO CTA/APL AUTOMATICAS				11.786,25	',20);
INSERT INTO "extrato_lancamento" VALUES(998,3,'05/07			SDO CTA/APL AUTOMATICAS				11.786,39	',20);
INSERT INTO "extrato_lancamento" VALUES(999,3,'06/07			RSHOP-GIRASSOL -05/07	5934	15,19	-		',20);
INSERT INTO "extrato_lancamento" VALUES(1000,3,'06/07			RSHOP-SONDA SUPER-05/07	5934	2,89	-		',20);
INSERT INTO "extrato_lancamento" VALUES(1001,3,'06/07			CXE CARTAO MULT	6874	114,34	-		',20);
INSERT INTO "extrato_lancamento" VALUES(1002,3,'06/07			CXE ELET.PAULO 449626100	6874	123,48	-		',20);
INSERT INTO "extrato_lancamento" VALUES(1003,3,'06/07			CXE TELEMAR OI 390555712	6874	123,09	-		',20);
INSERT INTO "extrato_lancamento" VALUES(1004,3,'06/07			SDO CTA/APL AUTOMATICAS				11.407,57	',20);
INSERT INTO "extrato_lancamento" VALUES(1005,3,'10/07			RSHOP-EXTRA STO A-08/07	5934	9,44	-		',20);
INSERT INTO "extrato_lancamento" VALUES(1006,3,'10/07			RSHOP-JATOBA -08/07	5934	6,00	-		',20);
INSERT INTO "extrato_lancamento" VALUES(1007,3,'10/07			RSHOP-JATOBA -08/07	5934	6,00	-		',20);
INSERT INTO "extrato_lancamento" VALUES(1008,3,'10/07			RSHOP-LJ 2056 EXT-09/07	5934	2,37	-		',20);
INSERT INTO "extrato_lancamento" VALUES(1009,3,'10/07			RSHOP-PLAYLAND AB-09/07	5934	16,00	-		',20);
INSERT INTO "extrato_lancamento" VALUES(1010,3,'10/07			RSHOP-R P C CAFE -08/07	5934	20,80	-		',20);
INSERT INTO "extrato_lancamento" VALUES(1011,3,'10/07			RSHOP-R P C CAFE -09/07	5934	3,70	-		',20);
INSERT INTO "extrato_lancamento" VALUES(1012,3,'10/07			RSHOP-R P C CAFE -09/07	5934	3,70	-		',20);
INSERT INTO "extrato_lancamento" VALUES(1013,3,'10/07			RSHOP-RESTAURANTE-06/07	5934	9,46	-		',20);
INSERT INTO "extrato_lancamento" VALUES(1014,3,'10/07			RSHOP-ROASTED POT-08/07	5934	14,80	-		',20);
INSERT INTO "extrato_lancamento" VALUES(1015,3,'10/07			SAQUE 24H 12015558	5086	20,00	-		',20);
INSERT INTO "extrato_lancamento" VALUES(1016,3,'10/07			SDO CTA/APL AUTOMATICAS				11.295,61	',20);
INSERT INTO "extrato_lancamento" VALUES(1017,3,'11/07			CXE 000315 SAQUE	754	580,00	-		',20);
INSERT INTO "extrato_lancamento" VALUES(1018,3,'11/07	D		INT PAG TIT BANCO 033	4175	63,25	-		',20);
INSERT INTO "extrato_lancamento" VALUES(1019,3,'11/07			SDO CTA/APL AUTOMATICAS				10.652,51	',20);
INSERT INTO "extrato_lancamento" VALUES(1020,3,'12/07			SDO CTA/APL AUTOMATICAS				10.652,62	',20);
INSERT INTO "extrato_lancamento" VALUES(1021,3,'13/07			INT CLARO TV 046796490	4175	71,34	-		',20);
INSERT INTO "extrato_lancamento" VALUES(1022,3,'13/07			INT ELET.PAULO 111480100	4175	125,62	-		',20);
INSERT INTO "extrato_lancamento" VALUES(1023,3,'13/07			INT SEMASA 01176140	4175	36,48	-		',20);
INSERT INTO "extrato_lancamento" VALUES(1024,3,'13/07			SDO CTA/APL AUTOMATICAS				10.419,29	',20);
INSERT INTO "extrato_lancamento" VALUES(1025,3,'16/07			CXE 001842 SAQUE 15/07	9360	20,00	-		',20);
INSERT INTO "extrato_lancamento" VALUES(1026,3,'16/07			RSHOP-AROS COM A-14/07	5934	16,00	-		',20);
INSERT INTO "extrato_lancamento" VALUES(1027,3,'16/07			RSHOP-CASA DO PAO-15/07	5934	14,00	-		',20);
INSERT INTO "extrato_lancamento" VALUES(1028,3,'16/07			RSHOP-CEA PSA 125-15/07	5934	119,00	-		',20);
INSERT INTO "extrato_lancamento" VALUES(1029,3,'16/07			RSHOP-COOP 01 QUE-15/07	5934	12,78	-		',20);
INSERT INTO "extrato_lancamento" VALUES(1030,3,'16/07			RSHOP-HOT ZONE -14/07	5934	16,00	-		',20);
INSERT INTO "extrato_lancamento" VALUES(1031,3,'16/07			RSHOP-HOTEL FLOR -15/07	5934	30,00	-		',20);
INSERT INTO "extrato_lancamento" VALUES(1032,3,'16/07			RSHOP-PIZZA HUT S-14/07	5934	10,90	-		',20);
INSERT INTO "extrato_lancamento" VALUES(1033,3,'16/07			RSHOP-R P C CAFE -14/07	5934	3,70	-		',20);
INSERT INTO "extrato_lancamento" VALUES(1034,3,'16/07			DA CLARO TV 10005354838		71,34	-		',20);
INSERT INTO "extrato_lancamento" VALUES(1035,3,'16/07			SDO CTA/APL AUTOMATICAS				10.105,70	',20);
INSERT INTO "extrato_lancamento" VALUES(1036,3,'17/07			RSHOP-GIRASSOL -16/07	5934	17,91	-		',20);
INSERT INTO "extrato_lancamento" VALUES(1037,3,'17/07	D		INT PAG TIT BANCO 033	4175	341,40	-		',20);
INSERT INTO "extrato_lancamento" VALUES(1038,3,'17/07			INT TELEFONICA 561001201	4175	39,90	-		',20);
INSERT INTO "extrato_lancamento" VALUES(1039,3,'17/07			INT TELEFONICA 561006201	4175	53,13	-		',20);
INSERT INTO "extrato_lancamento" VALUES(1040,3,'17/07			SDO CTA/APL AUTOMATICAS				9.653,46	',20);
INSERT INTO "extrato_lancamento" VALUES(1041,3,'18/07			SDO CTA/APL AUTOMATICAS				9.653,55	',20);
INSERT INTO "extrato_lancamento" VALUES(1042,3,'19/07			SDO CTA/APL AUTOMATICAS				9.653,64',20);
INSERT INTO "extrato_lancamento" VALUES(1043,3,'20/07			SDO CTA/APL AUTOMATICAS				9.653,75	',21);
INSERT INTO "extrato_lancamento" VALUES(1044,3,'23/07			RSHOP-BELLA PAULI-22/07	5934	46,20	-		',21);
INSERT INTO "extrato_lancamento" VALUES(1045,3,'23/07			RSHOP-BOB S PAULI-22/07	5934	10,00	-		',21);
INSERT INTO "extrato_lancamento" VALUES(1046,3,'23/07			RSHOP-R P C CAFE -21/07	5934	6,90	-		',21);
INSERT INTO "extrato_lancamento" VALUES(1047,3,'23/07			SAQUE 24H 23149677 22/07	5086	70,00	-		',21);
INSERT INTO "extrato_lancamento" VALUES(1048,3,'23/07			SDO CTA/APL AUTOMATICAS				9.520,75	',21);
INSERT INTO "extrato_lancamento" VALUES(1049,3,'24/07			SDO CTA/APL AUTOMATICAS				9.520,86	',21);
INSERT INTO "extrato_lancamento" VALUES(1050,3,'25/07			RSHOP-BURGER KING-24/07	5934	11,90	-		',21);
INSERT INTO "extrato_lancamento" VALUES(1051,3,'25/07			RSHOP-MATE TODO S-24/07	5934	4,90	-		',21);
INSERT INTO "extrato_lancamento" VALUES(1052,3,'25/07			SDO CTA/APL AUTOMATICAS				9.504,14	',21);
INSERT INTO "extrato_lancamento" VALUES(1053,3,'26/07			RSHOP-ILHA CAFE -25/07	5934	5,60	-		',21);
INSERT INTO "extrato_lancamento" VALUES(1054,3,'26/07			SDO CTA/APL AUTOMATICAS				9.498,64	',21);
INSERT INTO "extrato_lancamento" VALUES(1055,3,'27/07			RSHOP-SUBWAY PUC -26/07	5934	10,75	-		',21);
INSERT INTO "extrato_lancamento" VALUES(1056,3,'27/07			RSHOP-SUBWAY PUC -26/07	5934	2,00	-		',21);
INSERT INTO "extrato_lancamento" VALUES(1057,3,'27/07			SDO CTA/APL AUTOMATICAS				9.485,98	',21);
INSERT INTO "extrato_lancamento" VALUES(1058,3,'30/07			RSHOP-COISARIA -27/07		20,00	-		',21);
INSERT INTO "extrato_lancamento" VALUES(1059,3,'30/07			RSHOP-ESPACO 32 -27/07		23,20	-		',21);
INSERT INTO "extrato_lancamento" VALUES(1060,3,'30/07			RSHOP-GRIFFE PUCR-28/07	6501	11,50	-		',21);
INSERT INTO "extrato_lancamento" VALUES(1061,3,'30/07			RSHOP-BIFE -28/07	6509	41,80	-		',21);
INSERT INTO "extrato_lancamento" VALUES(1062,3,'30/07			RSHOP-BURGER KING-29/07	6509	11,90	-		',21);
INSERT INTO "extrato_lancamento" VALUES(1063,3,'30/07			RSHOP-COOP 12 VL -29/07	6501	12,40	-		',21);
INSERT INTO "extrato_lancamento" VALUES(1064,3,'30/07			S A L D O				110,80	-',21);
CREATE TABLE extrato_referenciaextrato (  
  id integer primary key autoincrement,
  contaid integer,
  bancoid integer,
  referencia text,
  n integer,
  FOREIGN KEY(contaid) REFERENCES "controlefinanceiro.conta"(id),
  FOREIGN KEY(bancoid) REFERENCES "controlefinanceiro.conta"(id));
INSERT INTO "extrato_referenciaextrato" VALUES(2,19,3,'IOF',1);
INSERT INTO "extrato_referenciaextrato" VALUES(3,19,3,'TAR MAXICONTA MENS .*',2);
INSERT INTO "extrato_referenciaextrato" VALUES(4,19,3,'LIS/JUROS',3);
INSERT INTO "extrato_referenciaextrato" VALUES(5,19,3,'SEGURO LIS ITAU .*',4);
INSERT INTO "extrato_referenciaextrato" VALUES(6,4,3,'CEI [0-9]{6} DINHEIRO',4);
INSERT INTO "extrato_referenciaextrato" VALUES(7,27,3,'REMUNERACAO/SALARIO',1);
INSERT INTO "extrato_referenciaextrato" VALUES(9,4,3,'CXE [0-9]{6} SAQUE [0-9]{2}/[0-9]{2}',5);
INSERT INTO "extrato_referenciaextrato" VALUES(10,31,3,'RSHOP-PHARMACIA.*',3);
INSERT INTO "extrato_referenciaextrato" VALUES(11,4,3,'SAQUE 24H [0-9]{8}.*',6);
INSERT INTO "extrato_referenciaextrato" VALUES(12,19,3,'TAR DOC ELETRONICO',7);
INSERT INTO "extrato_referenciaextrato" VALUES(13,27,3,'SISPAG STEFANINI CONS L',2);
INSERT INTO "extrato_referenciaextrato" VALUES(14,6,3,'RSHOP-COOP.*',1);
INSERT INTO "extrato_referenciaextrato" VALUES(15,4,3,'CXE [0-9]{6} SAQUE',1);
INSERT INTO "extrato_referenciaextrato" VALUES(16,4,3,'SAQUE CARTAO MAGNETICO',2);
INSERT INTO "extrato_referenciaextrato" VALUES(17,19,3,'TAR SAQUE TERMINAL',5);
INSERT INTO "extrato_referenciaextrato" VALUES(18,4,3,'CEI [0-9]{6} SAQUE [0-9]{2}/[0-9]{2}',3);
INSERT INTO "extrato_referenciaextrato" VALUES(19,24,3,'CXE PRE-PAGO01176530794',1);
INSERT INTO "extrato_referenciaextrato" VALUES(20,8,3,'RSHOP-L M A ALIME-[0-9]{2}/[0-9]{2}',1);
INSERT INTO "extrato_referenciaextrato" VALUES(27,31,3,'.*DROG EXTRA -.*',1);
INSERT INTO "extrato_referenciaextrato" VALUES(28,9,3,'.*MC DONALD S-.*',1);
INSERT INTO "extrato_referenciaextrato" VALUES(29,11,3,'CXE TELEFONICA 561001201',1);
INSERT INTO "extrato_referenciaextrato" VALUES(30,9,3,'.*PADARIA CON-.*',2);
INSERT INTO "extrato_referenciaextrato" VALUES(31,31,3,'.*DROGARIA.*',2);
INSERT INTO "extrato_referenciaextrato" VALUES(32,19,3,'EST LIS/JUROS',6);
INSERT INTO "extrato_referenciaextrato" VALUES(33,10,3,'CXE SEMASA.*',1);
INSERT INTO "extrato_referenciaextrato" VALUES(34,8,3,'RSHOP-CHAMINE BAR-[0-9]{2}/[0-9]{2}',2);
INSERT INTO "extrato_referenciaextrato" VALUES(35,8,3,'RSHOP-ALFANDEGAH -[0-9]{2}/[0-9]{2}',3);
INSERT INTO "extrato_referenciaextrato" VALUES(36,8,3,'RSHOP-GIRASSOL -[0-9]{2}/[0-9]{2}',4);
INSERT INTO "extrato_referenciaextrato" VALUES(37,6,3,'RSHOP-COOP .*',2);
INSERT INTO "extrato_referenciaextrato" VALUES(38,6,3,'RSHOP-DONA DAMA R-RSHOP-DONA DAMA R-',3);
INSERT INTO "extrato_referenciaextrato" VALUES(39,27,3,'SISPAG INT SALARIO',3);
CREATE TABLE lancamento (
  id integer primary key autoincrement,
  lancamentomodeloid integer,
  data date,
  contaorigemid integer,
  contadestinoid integer,
  valor real,
  observacao text,
  n integer,
  extratoid integer,
  FOREIGN KEY(lancamentomodeloid) REFERENCES "controlefinanceiro.modelo_lancamento"(id),
  FOREIGN KEY(contaorigemid) REFERENCES "controlefinanceiro.conta"(id),
  FOREIGN KEY(contadestinoid) REFERENCES "controlefinanceiro.conta"(id),
  FOREIGN KEY(extratoid) REFERENCES "controlefinanceiro.extrato_lancamento"(id));
INSERT INTO "lancamento" VALUES(1,NULL,1318734000000,1,4,60.0,NULL,1,NULL);
INSERT INTO "lancamento" VALUES(4,NULL,1318734000000,5,6,4.95,'Panetone de Chocolate',2,NULL);
INSERT INTO "lancamento" VALUES(5,NULL,1318820400000,4,7,2.9,'',1,NULL);
INSERT INTO "lancamento" VALUES(6,NULL,1318820400000,4,7,17.4,'Bilhetes de trem para a semana',2,NULL);
INSERT INTO "lancamento" VALUES(8,NULL,1318820400000,5,8,15.5,'',3,NULL);
INSERT INTO "lancamento" VALUES(10,NULL,1318820400000,4,9,0.6,'Cappucino
Saldo carteira: 2.80',4,NULL);
INSERT INTO "lancamento" VALUES(11,NULL,1318820400000,1,4,20.0,NULL,5,NULL);
INSERT INTO "lancamento" VALUES(12,NULL,1318820400000,3,4,550.0,NULL,6,421);
INSERT INTO "lancamento" VALUES(13,NULL,1318820400000,4,9,4.2,NULL,7,NULL);
INSERT INTO "lancamento" VALUES(15,NULL,1318906800000,4,7,2.9,'Ônibus',1,NULL);
INSERT INTO "lancamento" VALUES(16,NULL,1318906800000,4,9,6.0,'Barras de cereal',2,NULL);
INSERT INTO "lancamento" VALUES(17,NULL,1318906800000,5,8,10.5,NULL,3,NULL);
INSERT INTO "lancamento" VALUES(18,NULL,1318906800000,3,4,550.0,NULL,4,423);
INSERT INTO "lancamento" VALUES(19,NULL,1318906800000,1,4,20.0,NULL,5,NULL);
INSERT INTO "lancamento" VALUES(20,NULL,1318906800000,4,7,2.9,'Ônibus',6,NULL);
INSERT INTO "lancamento" VALUES(21,NULL,1318993200000,5,8,16.11,NULL,1,NULL);
INSERT INTO "lancamento" VALUES(23,NULL,1318993200000,1,10,36.43,NULL,2,NULL);
INSERT INTO "lancamento" VALUES(25,NULL,1318993200000,1,11,28.05,'Depois mudar a conta telefonica para o número dessa linha',3,NULL);
INSERT INTO "lancamento" VALUES(28,NULL,1318993200000,1,13,28.86,'Depois colocar o número dessa linha no cadastro da conta',4,NULL);
INSERT INTO "lancamento" VALUES(29,NULL,1318993200000,3,4,550.0,NULL,5,425);
INSERT INTO "lancamento" VALUES(30,NULL,1318993200000,4,9,1.9,'Barra de cereal',6,NULL);
INSERT INTO "lancamento" VALUES(31,NULL,1318993200000,4,9,2.0,'Coxinha',7,NULL);
INSERT INTO "lancamento" VALUES(32,NULL,1319079600000,1,8,17.63,NULL,1,NULL);
INSERT INTO "lancamento" VALUES(33,NULL,1319079600000,4,9,1.9,'Barra de cereal',2,NULL);
INSERT INTO "lancamento" VALUES(34,NULL,1319079600000,3,4,550.0,NULL,3,427);
INSERT INTO "lancamento" VALUES(35,NULL,1319166000000,4,9,2.0,'Barras de cereal',1,NULL);
INSERT INTO "lancamento" VALUES(36,NULL,1319166000000,1,8,13.88,NULL,2,NULL);
INSERT INTO "lancamento" VALUES(37,NULL,1319166000000,4,9,3.4,'Barras de cereal',3,NULL);
INSERT INTO "lancamento" VALUES(38,NULL,1319166000000,3,4,550.0,NULL,4,433);
INSERT INTO "lancamento" VALUES(39,NULL,1319166000000,4,1,530.0,NULL,5,NULL);
INSERT INTO "lancamento" VALUES(40,NULL,1319166000000,4,9,3.0,'Kibe',6,NULL);
INSERT INTO "lancamento" VALUES(41,NULL,1319252400000,4,7,14.5,'Bilhetes de trem para a semana',1,NULL);
INSERT INTO "lancamento" VALUES(42,NULL,1319252400000,1,4,30.0,NULL,2,NULL);
INSERT INTO "lancamento" VALUES(43,NULL,1319252400000,4,7,14.5,'Bilhetes de metro para a semana',3,NULL);
INSERT INTO "lancamento" VALUES(44,NULL,1319252400000,1,9,17.75,'Hamburger + sorvete no Bobs',4,NULL);
INSERT INTO "lancamento" VALUES(45,NULL,1319252400000,4,7,2.9,'Desci na Paulista para tomar um sorvete',5,NULL);
INSERT INTO "lancamento" VALUES(46,NULL,1319252400000,4,9,1.5,'Agua',6,NULL);
INSERT INTO "lancamento" VALUES(48,NULL,1319338800000,4,14,10.0,NULL,1,NULL);
INSERT INTO "lancamento" VALUES(49,NULL,1319425200000,4,9,3.0,'Barras de Cereal',1,NULL);
INSERT INTO "lancamento" VALUES(50,NULL,1319425200000,4,9,0.6,'Cappucino',2,NULL);
INSERT INTO "lancamento" VALUES(51,NULL,1319425200000,1,8,14.84,NULL,3,NULL);
INSERT INTO "lancamento" VALUES(52,NULL,1319425200000,3,4,40.0,NULL,4,436);
INSERT INTO "lancamento" VALUES(53,NULL,1319425200000,4,7,4.0,'Deixei o troco para o cobrador',5,NULL);
INSERT INTO "lancamento" VALUES(54,NULL,1319425200000,4,7,2.9,'Bilhete de trem
fui fazer entrevista',6,NULL);
INSERT INTO "lancamento" VALUES(55,NULL,1319425200000,4,9,0.6,'Cappucino',7,NULL);
INSERT INTO "lancamento" VALUES(57,NULL,1319425200000,3,15,317.04,NULL,8,438);
INSERT INTO "lancamento" VALUES(58,NULL,1319425200000,3,4,20.0,NULL,9,437);
INSERT INTO "lancamento" VALUES(60,NULL,1319425200000,4,16,1.0,'Dei 1 real para a menina da bala de goma na estação de Santo André',10,NULL);
INSERT INTO "lancamento" VALUES(61,NULL,1319425200000,4,7,29.0,'Recarga semanal do cartão da AESA',11,NULL);
INSERT INTO "lancamento" VALUES(62,NULL,1319511600000,1,8,9.67,NULL,1,NULL);
INSERT INTO "lancamento" VALUES(63,NULL,1319511600000,4,9,1.7,'Barra de cereal',2,NULL);
INSERT INTO "lancamento" VALUES(64,NULL,1319511600000,4,9,3.0,NULL,3,NULL);
INSERT INTO "lancamento" VALUES(65,NULL,1319684400000,1,8,10.72,NULL,1,NULL);
INSERT INTO "lancamento" VALUES(66,NULL,1319598000000,4,9,3.0,NULL,1,NULL);
INSERT INTO "lancamento" VALUES(67,NULL,1319598000000,1,8,4.0,'Sunday',2,NULL);
INSERT INTO "lancamento" VALUES(68,NULL,1319598000000,4,9,2.3,'Barra de cereal+Cappucino',3,NULL);
INSERT INTO "lancamento" VALUES(69,NULL,1319684400000,4,9,1.7,NULL,2,NULL);
INSERT INTO "lancamento" VALUES(71,NULL,1319684400000,4,9,3.0,NULL,3,NULL);
INSERT INTO "lancamento" VALUES(72,NULL,1319770800000,3,4,20.0,NULL,1,440);
INSERT INTO "lancamento" VALUES(73,NULL,1319857200000,4,9,1.7,NULL,2,NULL);
INSERT INTO "lancamento" VALUES(74,NULL,1319857200000,4,9,0.6,NULL,3,NULL);
INSERT INTO "lancamento" VALUES(75,NULL,1319857200000,4,9,6.0,NULL,4,NULL);
INSERT INTO "lancamento" VALUES(77,NULL,1319857200000,1,31,24.69,'Timolol+Albendazol+Lamisilate(remédio p frieira)',5,NULL);
INSERT INTO "lancamento" VALUES(78,NULL,1319857200000,1,16,12.0,'Carteira nova',6,NULL);
INSERT INTO "lancamento" VALUES(79,NULL,1319857200000,4,7,2.9,'Bilhete de trem',7,NULL);
INSERT INTO "lancamento" VALUES(80,NULL,1319857200000,1,8,13.92,'Perdi o VR em algum lugar',8,NULL);
INSERT INTO "lancamento" VALUES(82,NULL,1319943600000,4,17,70.0,'Dei dinheiro p a mãe comprar o tênis dela',1,NULL);
INSERT INTO "lancamento" VALUES(83,NULL,1319857200000,1,9,11.5,NULL,9,NULL);
INSERT INTO "lancamento" VALUES(84,NULL,1319857200000,1,4,80.0,NULL,10,NULL);
INSERT INTO "lancamento" VALUES(85,NULL,1319857200000,4,7,2.9,NULL,11,NULL);
INSERT INTO "lancamento" VALUES(86,NULL,1319943600000,4,18,64.0,NULL,2,NULL);
INSERT INTO "lancamento" VALUES(87,NULL,1320030000000,4,7,2.95,'Perdi 5 centavos no ônibus',1,NULL);
INSERT INTO "lancamento" VALUES(88,NULL,1320030000000,3,4,500.0,NULL,2,443);
INSERT INTO "lancamento" VALUES(89,NULL,1320030000000,4,6,498.6,'Pago com atraso',3,NULL);
INSERT INTO "lancamento" VALUES(90,NULL,1320030000000,1,8,12.9,NULL,4,NULL);
INSERT INTO "lancamento" VALUES(91,NULL,1320030000000,4,9,3.0,'Trufas na cacau show',5,NULL);
INSERT INTO "lancamento" VALUES(92,NULL,1320030000000,4,7,8.7,NULL,7,NULL);
INSERT INTO "lancamento" VALUES(93,NULL,1320030000000,4,9,7.4,'Barras de cereal+cappucino',8,NULL);
INSERT INTO "lancamento" VALUES(94,NULL,1320030000000,3,4,20.0,NULL,6,442);
INSERT INTO "lancamento" VALUES(95,NULL,1320030000000,4,9,2.5,'Pão de batata',9,NULL);
INSERT INTO "lancamento" VALUES(96,NULL,1320202800000,4,7,2.9,NULL,1,NULL);
INSERT INTO "lancamento" VALUES(97,NULL,1320202800000,1,8,18.8,'No montana
fui com o Alceu no MarketPlace',2,NULL);
INSERT INTO "lancamento" VALUES(98,NULL,1320202800000,4,7,2.9,NULL,3,NULL);
INSERT INTO "lancamento" VALUES(99,NULL,1320116400000,4,7,2.9,NULL,1,NULL);
INSERT INTO "lancamento" VALUES(100,NULL,1320116400000,1,8,16.84,NULL,2,NULL);
INSERT INTO "lancamento" VALUES(101,NULL,1320116400000,1,4,20.0,NULL,3,NULL);
INSERT INTO "lancamento" VALUES(102,NULL,1320116400000,4,7,2.9,NULL,4,NULL);
INSERT INTO "lancamento" VALUES(103,NULL,1320202800000,18,4,2.9,NULL,4,NULL);
INSERT INTO "lancamento" VALUES(104,NULL,1320289200000,4,9,0.6,NULL,1,NULL);
INSERT INTO "lancamento" VALUES(105,66,1320289200000,1,20,61.34,NULL,2,NULL);
INSERT INTO "lancamento" VALUES(106,NULL,1320289200000,1,5,446.94,NULL,3,NULL);
INSERT INTO "lancamento" VALUES(107,NULL,1320289200000,1,8,14.27,NULL,4,NULL);
INSERT INTO "lancamento" VALUES(108,NULL,1320289200000,4,9,8.1,NULL,5,NULL);
INSERT INTO "lancamento" VALUES(109,NULL,1320375600000,1,8,17.65,NULL,1,NULL);
INSERT INTO "lancamento" VALUES(110,NULL,1320375600000,4,7,2.9,NULL,2,NULL);
INSERT INTO "lancamento" VALUES(111,NULL,1320462000000,4,7,2.8,'Peguei o 238',1,NULL);
INSERT INTO "lancamento" VALUES(112,NULL,1320462000000,1,8,3.5,'Comi no Veneza',2,NULL);
INSERT INTO "lancamento" VALUES(113,NULL,1320548400000,4,7,5.8,'Ônibus e trem. Comprei o bilhete de trem por engano',1,NULL);
INSERT INTO "lancamento" VALUES(114,NULL,1320548400000,4,9,4.5,'Biscoito da estação de Santo André',2,NULL);
INSERT INTO "lancamento" VALUES(115,NULL,1320548400000,1,4,40.0,'Para a mãe pagar a segunda via do cartão de Santo André',3,NULL);
INSERT INTO "lancamento" VALUES(116,NULL,1320548400000,18,4,11.2,NULL,4,NULL);
INSERT INTO "lancamento" VALUES(117,NULL,1320634800000,4,7,2.9,NULL,1,NULL);
INSERT INTO "lancamento" VALUES(118,NULL,1320634800000,4,9,3.1,'Pão de Batata',2,NULL);
INSERT INTO "lancamento" VALUES(119,NULL,1320634800000,4,17,40.0,'Dinheiro para a mãe pagar a segunda via do cartão de Santo André',3,NULL);
INSERT INTO "lancamento" VALUES(120,NULL,1320634800000,1,8,12.61,NULL,4,NULL);
INSERT INTO "lancamento" VALUES(121,NULL,1320634800000,3,4,550.0,NULL,5,454);
INSERT INTO "lancamento" VALUES(122,NULL,1320634800000,1,4,20.0,NULL,6,NULL);
INSERT INTO "lancamento" VALUES(123,NULL,1320634800000,18,4,2.4,NULL,7,NULL);
INSERT INTO "lancamento" VALUES(124,NULL,1320634800000,1,18,2493.97,NULL,8,NULL);
INSERT INTO "lancamento" VALUES(125,NULL,1320634800000,18,3,4659.04,NULL,9,NULL);
INSERT INTO "lancamento" VALUES(126,NULL,1320634800000,4,9,3.4,'Barras de cereal
tive refluxo no meio do expediente',10,NULL);
INSERT INTO "lancamento" VALUES(128,NULL,1320634800000,3,24,17.0,'Claro',11,456);
INSERT INTO "lancamento" VALUES(129,NULL,1320634800000,4,9,2.5,NULL,12,NULL);
INSERT INTO "lancamento" VALUES(130,NULL,1320634800000,4,7,2.9,NULL,13,NULL);
INSERT INTO "lancamento" VALUES(131,NULL,1320721200000,4,18,0.5,NULL,1,NULL);
INSERT INTO "lancamento" VALUES(132,NULL,1320807600000,3,8,11.26,NULL,1,462);
INSERT INTO "lancamento" VALUES(133,NULL,1320807600000,4,9,1.0,NULL,2,NULL);
INSERT INTO "lancamento" VALUES(134,NULL,1320894000000,3,8,16.09,NULL,1,465);
INSERT INTO "lancamento" VALUES(135,NULL,1320980400000,3,8,12.38,NULL,3,468);
INSERT INTO "lancamento" VALUES(136,NULL,1320807600000,4,9,0.55,NULL,4,NULL);
INSERT INTO "lancamento" VALUES(137,NULL,1321066800000,4,18,4.3,NULL,1,NULL);
INSERT INTO "lancamento" VALUES(138,NULL,1321412400000,4,4,550.0,NULL,1,NULL);
INSERT INTO "lancamento" VALUES(139,NULL,1321412400000,4,9,4.25,'Balas',2,NULL);
INSERT INTO "lancamento" VALUES(140,NULL,1321412400000,4,1,550.0,NULL,3,NULL);
INSERT INTO "lancamento" VALUES(142,NULL,1321412400000,4,31,130.0,'Erboristeria
remédio p queda de cabelo',4,NULL);
INSERT INTO "lancamento" VALUES(144,NULL,1321412400000,3,8,12.12,NULL,5,479);
INSERT INTO "lancamento" VALUES(145,NULL,1321326000000,3,8,24.75,NULL,1,477);
INSERT INTO "lancamento" VALUES(146,NULL,1321239600000,3,8,12.63,NULL,1,476);
INSERT INTO "lancamento" VALUES(147,NULL,1321239600000,4,9,2.5,NULL,2,NULL);
INSERT INTO "lancamento" VALUES(149,NULL,1321153200000,3,8,11.75,NULL,1,469);
INSERT INTO "lancamento" VALUES(151,NULL,1321153200000,3,31,20.09,'Remedio para frieira',2,467);
INSERT INTO "lancamento" VALUES(152,NULL,1321153200000,4,9,0.5,'cappucino',3,NULL);
INSERT INTO "lancamento" VALUES(153,NULL,1321412400000,18,4,0.15,NULL,6,NULL);
INSERT INTO "lancamento" VALUES(154,NULL,1321585200000,4,9,1.4,'Chocolate e balas',1,NULL);
INSERT INTO "lancamento" VALUES(155,NULL,1321585200000,3,4,550.0,NULL,2,481);
INSERT INTO "lancamento" VALUES(156,NULL,1321585200000,4,9,5.0,'Cervejas',3,NULL);
INSERT INTO "lancamento" VALUES(157,NULL,1321844400000,3,4,320.0,NULL,1,484);
INSERT INTO "lancamento" VALUES(158,NULL,1321844400000,4,1,870.0,NULL,2,NULL);
INSERT INTO "lancamento" VALUES(159,NULL,1321844400000,3,9,3.5,NULL,3,488);
INSERT INTO "lancamento" VALUES(160,NULL,1321844400000,4,9,0.8,NULL,4,NULL);
INSERT INTO "lancamento" VALUES(161,NULL,1322103600000,3,5,317.04,NULL,1,491);
INSERT INTO "lancamento" VALUES(163,NULL,1321844400000,4,7,2.9,NULL,5,NULL);
INSERT INTO "lancamento" VALUES(164,NULL,1322103600000,4,7,2.9,NULL,2,NULL);
INSERT INTO "lancamento" VALUES(165,NULL,1322190000000,4,9,2.0,NULL,1,NULL);
INSERT INTO "lancamento" VALUES(166,NULL,1322622000000,3,31,53.0,'Finasteride',1,499);
INSERT INTO "lancamento" VALUES(167,NULL,1322708400000,4,17,4.0,'Pão',1,NULL);
INSERT INTO "lancamento" VALUES(168,NULL,1322794800000,18,32,292.93,NULL,1,NULL);
INSERT INTO "lancamento" VALUES(169,NULL,1322794800000,32,8,11.73,NULL,2,NULL);
INSERT INTO "lancamento" VALUES(170,NULL,1322794800000,18,33,2062.34,NULL,3,NULL);
INSERT INTO "lancamento" VALUES(171,NULL,1322794800000,33,9,10.96,'Barras de cereal para deixar na mochila',4,NULL);
INSERT INTO "lancamento" VALUES(172,NULL,1322794800000,3,4,20.0,NULL,5,502);
INSERT INTO "lancamento" VALUES(173,NULL,1322794800000,4,9,2.0,NULL,6,NULL);
INSERT INTO "lancamento" VALUES(174,NULL,1322881200000,3,17,74.3,'Vedacit para fazer a laje do banheiro',1,505);
INSERT INTO "lancamento" VALUES(175,NULL,1322881200000,33,17,2.78,'Pao',2,NULL);
INSERT INTO "lancamento" VALUES(176,NULL,1322881200000,3,17,7.5,'Brochas para passar o vedacit no banheiro',3,506);
INSERT INTO "lancamento" VALUES(177,NULL,1323054000000,32,8,7.66,NULL,1,NULL);
INSERT INTO "lancamento" VALUES(178,NULL,1323054000000,4,7,6.4,'Onibus para Alphaville (fui fazer entrevista)',2,NULL);
INSERT INTO "lancamento" VALUES(179,NULL,1323054000000,32,9,3.5,'Chá matte',3,NULL);
INSERT INTO "lancamento" VALUES(180,NULL,1323054000000,4,7,6.5,NULL,4,NULL);
INSERT INTO "lancamento" VALUES(181,NULL,1323140400000,32,8,16.8,NULL,1,NULL);
INSERT INTO "lancamento" VALUES(182,NULL,1323140400000,32,9,3.9,NULL,2,NULL);
INSERT INTO "lancamento" VALUES(183,NULL,1323226800000,3,16,35.0,'Convite para a formatura no ITA',1,510);
INSERT INTO "lancamento" VALUES(184,NULL,1323226800000,3,20,59.9,NULL,2,511);
INSERT INTO "lancamento" VALUES(185,NULL,1323226800000,32,9,6.12,'Esfihas (saldo: 243.22)',3,NULL);
INSERT INTO "lancamento" VALUES(187,NULL,1323226800000,3,31,6.77,'Timolol',4,514);
INSERT INTO "lancamento" VALUES(188,NULL,1323226800000,4,16,2.0,'Scan do comprovante de pagto do convite da formatura',5,NULL);
INSERT INTO "lancamento" VALUES(189,NULL,1323226800000,4,16,4.99,'Post-it + chicletes',6,NULL);
INSERT INTO "lancamento" VALUES(190,NULL,1323226800000,3,16,38.5,'Presente para a mãe (Harry Potter e a Camara Secreta)',7,516);
INSERT INTO "lancamento" VALUES(191,NULL,1323226800000,3,16,44.5,'Presente para a mãe (Harry Potter e o Prisioneiro de Askaban)',8,517);
INSERT INTO "lancamento" VALUES(192,NULL,1323399600000,32,8,16.8,NULL,1,NULL);
INSERT INTO "lancamento" VALUES(194,NULL,1323399600000,4,1,500.0,NULL,3,NULL);
INSERT INTO "lancamento" VALUES(195,NULL,1323399600000,3,16,150.0,'Terno',4,522);
INSERT INTO "lancamento" VALUES(196,NULL,1323399600000,4,17,3.5,'Adaptador para o telefone',5,NULL);
INSERT INTO "lancamento" VALUES(197,NULL,1323313200000,32,9,5.3,NULL,2,NULL);
INSERT INTO "lancamento" VALUES(198,NULL,1323313200000,33,16,51.49,'Pinheiro',1,NULL);
INSERT INTO "lancamento" VALUES(199,NULL,1323486000000,3,4,50.0,NULL,1,521);
INSERT INTO "lancamento" VALUES(200,NULL,1323486000000,4,16,21.1,'Formatura - Passagem de ida',2,NULL);
INSERT INTO "lancamento" VALUES(201,NULL,1323486000000,4,16,21.2,'Formatura - Passagem de volta',3,NULL);
INSERT INTO "lancamento" VALUES(202,NULL,1323486000000,4,9,8.55,'Pao de Batata + Mc Flurry',4,NULL);
INSERT INTO "lancamento" VALUES(203,NULL,1323486000000,18,4,5.64,NULL,5,NULL);
INSERT INTO "lancamento" VALUES(204,NULL,1321844400000,3,11,55.1,NULL,6,486);
INSERT INTO "lancamento" VALUES(205,NULL,1323658800000,3,9,3.65,NULL,1,526);
INSERT INTO "lancamento" VALUES(206,NULL,1323658800000,33,9,1.66,'Barras de cereal',2,NULL);
INSERT INTO "lancamento" VALUES(207,NULL,1323658800000,3,5,235.88,NULL,3,523);
INSERT INTO "lancamento" VALUES(208,NULL,1323658800000,3,4,20.0,NULL,4,520);
INSERT INTO "lancamento" VALUES(209,NULL,1323745200000,3,16,35.0,'Doc para o convite da formatura',1,527);
INSERT INTO "lancamento" VALUES(210,NULL,1323745200000,3,4,100.0,NULL,2,525);
INSERT INTO "lancamento" VALUES(211,NULL,1323745200000,4,17,100.0,'Dinheiro para a feira e o gás',3,NULL);
INSERT INTO "lancamento" VALUES(212,NULL,1323831600000,3,4,50.0,NULL,1,529);
INSERT INTO "lancamento" VALUES(213,NULL,1323831600000,4,16,21.06,NULL,2,NULL);
INSERT INTO "lancamento" VALUES(214,NULL,1323831600000,4,9,4.5,NULL,3,NULL);
INSERT INTO "lancamento" VALUES(215,NULL,1323831600000,3,8,10.45,NULL,4,531);
INSERT INTO "lancamento" VALUES(217,NULL,1323831600000,4,16,1.5,'Esmola',5,NULL);
INSERT INTO "lancamento" VALUES(218,NULL,1323831600000,4,16,21.2,'Passagem SJC -> SP',6,NULL);
INSERT INTO "lancamento" VALUES(220,NULL,1323831600000,3,31,40.0,'Omeprazol',7,532);
INSERT INTO "lancamento" VALUES(221,NULL,1323831600000,33,16,55.6,'Camisetas regata',8,NULL);
INSERT INTO "lancamento" VALUES(222,NULL,1323918000000,32,8,12.9,NULL,1,NULL);
INSERT INTO "lancamento" VALUES(223,NULL,1323918000000,3,10,33.25,NULL,2,533);
INSERT INTO "lancamento" VALUES(224,NULL,1323918000000,32,9,3.5,NULL,3,NULL);
INSERT INTO "lancamento" VALUES(225,NULL,1323918000000,18,4,31.61,'Saldo carteira em 15/dez/2011: 20.90',4,NULL);
INSERT INTO "lancamento" VALUES(226,NULL,1324090800000,4,16,0.6,'Xérox do diploma do ITA',1,NULL);
INSERT INTO "lancamento" VALUES(227,NULL,1324090800000,33,16,26.98,'Shampoo',2,NULL);
INSERT INTO "lancamento" VALUES(228,NULL,1324090800000,33,17,2.7,'Pão+Activia',3,NULL);
INSERT INTO "lancamento" VALUES(229,NULL,1324090800000,4,16,0.3,'Xerox do diploma da TM',4,NULL);
INSERT INTO "lancamento" VALUES(230,NULL,1324177200000,4,14,12.0,NULL,1,NULL);
INSERT INTO "lancamento" VALUES(231,NULL,1324177200000,4,16,7.0,'Foto 3x4 para a contratação na Samsung',2,NULL);
INSERT INTO "lancamento" VALUES(232,NULL,1318820400000,4,1,550.0,NULL,8,NULL);
INSERT INTO "lancamento" VALUES(233,NULL,1318906800000,4,1,550.0,NULL,7,NULL);
INSERT INTO "lancamento" VALUES(234,NULL,1318993200000,4,1,550.0,NULL,8,NULL);
INSERT INTO "lancamento" VALUES(235,NULL,1319079600000,4,1,550.0,NULL,4,NULL);
INSERT INTO "lancamento" VALUES(236,NULL,1320634800000,4,1,550.0,NULL,14,NULL);
INSERT INTO "lancamento" VALUES(237,NULL,1317438000000,3,18,350.46,'Saldo itau em 01/Oct/2011: -350.46',1,NULL);
INSERT INTO "lancamento" VALUES(238,NULL,1314846000000,3,19,1.85,'IOF',1,404);
INSERT INTO "lancamento" VALUES(239,NULL,1314932400000,3,19,11.8,'TAR MAXICONTA MENS 08/11',2,405);
INSERT INTO "lancamento" VALUES(240,NULL,1316487600000,3,19,23.95,'LIS/JUROS',1,406);
INSERT INTO "lancamento" VALUES(241,NULL,1316574000000,3,19,2.0,'SEGURO LIS ITAU 11090',1,407);
INSERT INTO "lancamento" VALUES(242,NULL,1324263600000,4,9,0.25,NULL,1,NULL);
INSERT INTO "lancamento" VALUES(243,NULL,1324350000000,32,9,4.9,'Saldo vr: 199.82',1,NULL);
INSERT INTO "lancamento" VALUES(244,NULL,1324350000000,32,8,12.43,NULL,2,NULL);
INSERT INTO "lancamento" VALUES(245,NULL,1324350000000,33,9,5.0,'Saldo va: 1905.17',3,NULL);
INSERT INTO "lancamento" VALUES(246,NULL,1324350000000,3,4,240.0,NULL,4,541);
INSERT INTO "lancamento" VALUES(279,NULL,1324436400000,32,8,14.98,NULL,1,NULL);
INSERT INTO "lancamento" VALUES(280,NULL,1324436400000,4,1,120.0,NULL,2,NULL);
INSERT INTO "lancamento" VALUES(281,NULL,1324436400000,3,4,350.0,NULL,3,544);
INSERT INTO "lancamento" VALUES(282,NULL,1324436400000,4,1,350.0,NULL,4,NULL);
INSERT INTO "lancamento" VALUES(283,NULL,1324436400000,32,9,9.5,'Saldo vr: 162.91',5,NULL);
INSERT INTO "lancamento" VALUES(284,NULL,1324522800000,32,8,11.06,NULL,1,NULL);
INSERT INTO "lancamento" VALUES(285,NULL,1324522800000,32,9,11.75,'saldo vr: 140.10',2,NULL);
INSERT INTO "lancamento" VALUES(286,NULL,1324609200000,3,31,87.3,'Locao capilar',1,549);
INSERT INTO "lancamento" VALUES(287,NULL,1324695600000,31,4,100.0,'A mãe não pegou a locão e devolveu o dinheiro',1,NULL);
INSERT INTO "lancamento" VALUES(288,NULL,1323486000000,1,31,290.0,'[Cheque 10098]',6,NULL);
INSERT INTO "lancamento" VALUES(289,NULL,1324609200000,4,9,2.0,'Chiclete',2,NULL);
INSERT INTO "lancamento" VALUES(290,NULL,1324609200000,32,9,15.75,'Fui buscar a máquina da Samsung',3,NULL);
INSERT INTO "lancamento" VALUES(291,NULL,1324609200000,33,9,17.96,NULL,4,NULL);
INSERT INTO "lancamento" VALUES(292,NULL,1324782000000,4,18,133.25,'Saldo da carteira em 25/dec: 118.75',1,NULL);
INSERT INTO "lancamento" VALUES(293,NULL,1324868400000,32,8,13.59,NULL,1,NULL);
INSERT INTO "lancamento" VALUES(294,NULL,1324954800000,32,8,18.81,NULL,1,NULL);
INSERT INTO "lancamento" VALUES(295,NULL,1325041200000,1,18,1583.92,NULL,1,NULL);
INSERT INTO "lancamento" VALUES(296,NULL,1325041200000,18,3,4755.4,NULL,2,NULL);
INSERT INTO "lancamento" VALUES(297,NULL,1324954800000,4,3,100.0,NULL,2,551);
INSERT INTO "lancamento" VALUES(298,NULL,1325041200000,3,4,30.0,NULL,3,553);
INSERT INTO "lancamento" VALUES(299,NULL,1325214000000,4,9,2.5,NULL,1,NULL);
INSERT INTO "lancamento" VALUES(300,NULL,1325041200000,32,8,12.61,NULL,4,NULL);
INSERT INTO "lancamento" VALUES(301,NULL,1325127600000,32,8,17.98,NULL,1,NULL);
INSERT INTO "lancamento" VALUES(302,NULL,1325127600000,32,9,17.01,'Janta na Samsung',2,NULL);
INSERT INTO "lancamento" VALUES(303,NULL,1325214000000,32,8,14.54,NULL,2,NULL);
INSERT INTO "lancamento" VALUES(304,NULL,1325386800000,17,4,60.0,'Computador da Thais',1,NULL);
INSERT INTO "lancamento" VALUES(305,NULL,1325473200000,32,9,2.9,'Saldo vr: 26.91',1,NULL);
INSERT INTO "lancamento" VALUES(306,NULL,1325473200000,32,8,13.27,NULL,2,NULL);
INSERT INTO "lancamento" VALUES(307,NULL,1325473200000,4,9,3.0,'Chiclete',3,NULL);
INSERT INTO "lancamento" VALUES(308,NULL,1325559600000,32,8,13.64,'Saldo vr: 0,00',1,NULL);
INSERT INTO "lancamento" VALUES(309,NULL,1325559600000,4,8,2.6,NULL,2,NULL);
INSERT INTO "lancamento" VALUES(310,NULL,1325646000000,4,3,80.0,NULL,4,580);
INSERT INTO "lancamento" VALUES(311,NULL,1325646000000,4,7,6.6,NULL,1,NULL);
INSERT INTO "lancamento" VALUES(312,NULL,1325646000000,4,9,2.5,NULL,2,NULL);
INSERT INTO "lancamento" VALUES(313,NULL,1325646000000,4,7,2.9,'Voltei por SBC nesse dia',3,NULL);
INSERT INTO "lancamento" VALUES(314,NULL,1326164400000,4,9,2.0,NULL,1,NULL);
INSERT INTO "lancamento" VALUES(316,NULL,1326164400000,4,1,550.0,NULL,3,NULL);
INSERT INTO "lancamento" VALUES(317,NULL,1325559600000,33,9,14.97,'Barras de cereal',4,NULL);
INSERT INTO "lancamento" VALUES(318,NULL,1326164400000,3,4,240.0,NULL,4,588);
INSERT INTO "lancamento" VALUES(319,NULL,1326164400000,4,1,220.0,NULL,5,NULL);
INSERT INTO "lancamento" VALUES(320,NULL,1326250800000,4,9,2.0,NULL,1,NULL);
INSERT INTO "lancamento" VALUES(321,NULL,1326337200000,3,35,320.0,'Cheque Itau AA 000001',1,NULL);
INSERT INTO "lancamento" VALUES(322,NULL,1326423600000,4,7,0.0,'Testei ir com o Urubupunga',1,NULL);
INSERT INTO "lancamento" VALUES(323,NULL,1326510000000,4,7,0.0,NULL,1,NULL);
INSERT INTO "lancamento" VALUES(324,NULL,1326510000000,3,4,50.0,NULL,2,597);
INSERT INTO "lancamento" VALUES(325,NULL,1326510000000,4,17,50.0,'Dinheiro da feira',3,NULL);
INSERT INTO "lancamento" VALUES(326,NULL,1326596400000,4,18,23.0,NULL,1,NULL);
INSERT INTO "lancamento" VALUES(327,NULL,1326682800000,3,4,20.0,NULL,1,596);
INSERT INTO "lancamento" VALUES(328,NULL,1326769200000,4,7,9.5,NULL,1,NULL);
INSERT INTO "lancamento" VALUES(329,NULL,1325905200000,3,31,105.3,'Finasteride e Shampoo p cabelo oleoso',1,585);
INSERT INTO "lancamento" VALUES(330,NULL,1326769200000,3,36,226.0,'Taxi',2,601);
INSERT INTO "lancamento" VALUES(331,NULL,1326855600000,4,7,9.5,NULL,1,NULL);
INSERT INTO "lancamento" VALUES(332,NULL,1326855600000,4,9,1.0,NULL,2,NULL);
INSERT INTO "lancamento" VALUES(333,NULL,1326942000000,3,4,20.0,NULL,1,603);
INSERT INTO "lancamento" VALUES(334,NULL,1327028400000,3,10,32.33,NULL,1,605);
INSERT INTO "lancamento" VALUES(335,NULL,1327460400000,3,4,550.0,NULL,1,611);
INSERT INTO "lancamento" VALUES(336,NULL,1327460400000,4,1,550.0,NULL,2,NULL);
INSERT INTO "lancamento" VALUES(337,NULL,1327460400000,3,31,40.0,'Omeprazol',3,613);
INSERT INTO "lancamento" VALUES(338,NULL,1327460400000,3,9,12.54,'Acai',4,612);
INSERT INTO "lancamento" VALUES(339,NULL,1327546800000,3,4,300.0,NULL,1,610);
INSERT INTO "lancamento" VALUES(340,NULL,1327546800000,4,1,300.0,NULL,2,NULL);
INSERT INTO "lancamento" VALUES(341,NULL,1327719600000,4,7,8.7,NULL,1,NULL);
INSERT INTO "lancamento" VALUES(342,NULL,1327892400000,3,31,7.91,'Timolol',1,NULL);
INSERT INTO "lancamento" VALUES(343,NULL,1327978800000,4,7,9.5,NULL,1,NULL);
INSERT INTO "lancamento" VALUES(344,NULL,1327978800000,18,4,700.15,'Saldo em carteira: $3.60',2,NULL);
INSERT INTO "lancamento" VALUES(345,NULL,1328238000000,4,7,9.5,NULL,1,NULL);
INSERT INTO "lancamento" VALUES(346,NULL,1328151600000,4,9,2.9,NULL,1,NULL);
INSERT INTO "lancamento" VALUES(347,NULL,1328151600000,3,24,23.14,'Oi',2,NULL);
INSERT INTO "lancamento" VALUES(348,NULL,1328151600000,4,1,50.0,NULL,3,NULL);
INSERT INTO "lancamento" VALUES(350,NULL,1328151600000,4,7,2.9,NULL,5,NULL);
INSERT INTO "lancamento" VALUES(351,NULL,1328065200000,5,16,1358.64,'Samsung Galaxy S II',1,NULL);
INSERT INTO "lancamento" VALUES(352,NULL,1328065200000,17,4,60.0,'Computador da Thais',2,NULL);
INSERT INTO "lancamento" VALUES(353,NULL,1327978800000,4,7,2.9,NULL,3,NULL);
INSERT INTO "lancamento" VALUES(354,NULL,1327719600000,33,17,15.28,'Coop, saldo va: 1838.55',2,NULL);
INSERT INTO "lancamento" VALUES(355,NULL,1328238000000,4,16,2.8,'Pagto do bilhete do metro p o Sekita',2,NULL);
INSERT INTO "lancamento" VALUES(356,NULL,1328238000000,4,7,5.8,NULL,3,NULL);
INSERT INTO "lancamento" VALUES(358,NULL,1328324400000,4,7,11.6,NULL,1,NULL);
INSERT INTO "lancamento" VALUES(359,NULL,1328324400000,4,9,3.5,NULL,2,NULL);
INSERT INTO "lancamento" VALUES(360,NULL,1328497200000,3,4,100.0,NULL,1,NULL);
INSERT INTO "lancamento" VALUES(361,NULL,1328497200000,4,7,2.9,NULL,2,NULL);
INSERT INTO "lancamento" VALUES(362,NULL,1328583600000,4,7,9.5,NULL,1,NULL);
INSERT INTO "lancamento" VALUES(363,NULL,1328583600000,3,4,20.0,NULL,2,NULL);
INSERT INTO "lancamento" VALUES(364,NULL,1328583600000,4,7,5.8,NULL,3,NULL);
INSERT INTO "lancamento" VALUES(365,NULL,1328583600000,4,7,105.0,'Recarga do cartão AESA',4,NULL);
INSERT INTO "lancamento" VALUES(366,NULL,1328670000000,4,7,9.4,NULL,1,NULL);
INSERT INTO "lancamento" VALUES(367,NULL,1328670000000,4,7,5.8,NULL,2,NULL);
INSERT INTO "lancamento" VALUES(368,NULL,1328670000000,3,24,27.0,'Capa para celular',3,NULL);
INSERT INTO "lancamento" VALUES(369,NULL,1328756400000,4,7,2.9,NULL,1,NULL);
INSERT INTO "lancamento" VALUES(370,NULL,1328756400000,3,4,20.0,NULL,2,NULL);
INSERT INTO "lancamento" VALUES(371,NULL,1328756400000,4,7,6.6,NULL,3,NULL);
INSERT INTO "lancamento" VALUES(372,NULL,1328842800000,4,7,2.9,NULL,1,NULL);
INSERT INTO "lancamento" VALUES(373,NULL,1328842800000,3,6,18.8,NULL,2,NULL);
INSERT INTO "lancamento" VALUES(374,NULL,1329015600000,18,4,11.7,'Saldo carteira: $2.60',1,NULL);
INSERT INTO "lancamento" VALUES(375,NULL,1317178800000,27,3,348.0,NULL,1,408);
INSERT INTO "lancamento" VALUES(376,NULL,1317265200000,27,3,300.0,NULL,1,409);
INSERT INTO "lancamento" VALUES(377,NULL,1317610800000,27,3,940.8,NULL,1,413);
INSERT INTO "lancamento" VALUES(378,NULL,1317610800000,3,19,0.95,NULL,2,414);
INSERT INTO "lancamento" VALUES(379,NULL,1317697200000,3,19,11.8,NULL,1,416);
INSERT INTO "lancamento" VALUES(380,NULL,1317783600000,27,3,859.07,NULL,1,417);
INSERT INTO "lancamento" VALUES(381,NULL,1317870000000,27,3,352.8,NULL,1,419);
INSERT INTO "lancamento" VALUES(382,NULL,1319079600000,3,19,12.55,NULL,5,428);
INSERT INTO "lancamento" VALUES(383,NULL,1319079600000,27,3,994.25,NULL,6,429);
INSERT INTO "lancamento" VALUES(384,NULL,1319079600000,3,19,10.23,NULL,7,430);
INSERT INTO "lancamento" VALUES(385,NULL,1319079600000,19,3,12.55,NULL,8,432);
INSERT INTO "lancamento" VALUES(386,NULL,1319166000000,3,19,2.0,NULL,7,434);
INSERT INTO "lancamento" VALUES(387,NULL,1320030000000,27,3,116.0,NULL,10,444);
INSERT INTO "lancamento" VALUES(388,NULL,1320116400000,3,19,0.65,NULL,5,448);
INSERT INTO "lancamento" VALUES(389,NULL,1320289200000,3,19,1.7,NULL,6,450);
INSERT INTO "lancamento" VALUES(390,NULL,1320375600000,27,3,1172.72,NULL,3,452);
INSERT INTO "lancamento" VALUES(391,NULL,1320548400000,3,4,40.0,NULL,5,455);
INSERT INTO "lancamento" VALUES(392,NULL,1320634800000,27,3,882.0,NULL,15,457);
INSERT INTO "lancamento" VALUES(393,NULL,1320721200000,3,4,400.0,NULL,2,459);
INSERT INTO "lancamento" VALUES(394,NULL,1320894000000,3,6,599.69,NULL,2,463);
INSERT INTO "lancamento" VALUES(395,NULL,1321239600000,16,3,2192.83,NULL,3,470);
INSERT INTO "lancamento" VALUES(396,NULL,1321326000000,3,4,550.0,NULL,2,475);
INSERT INTO "lancamento" VALUES(397,NULL,1321412400000,3,4,550.0,NULL,7,474);
INSERT INTO "lancamento" VALUES(398,NULL,1321585200000,27,3,904.36,NULL,4,482);
INSERT INTO "lancamento" VALUES(399,NULL,1321844400000,3,19,2.4,NULL,7,485);
INSERT INTO "lancamento" VALUES(400,NULL,1322622000000,27,3,330.75,NULL,2,496);
INSERT INTO "lancamento" VALUES(401,NULL,1322708400000,3,19,0.04,NULL,2,500);
INSERT INTO "lancamento" VALUES(402,NULL,1323054000000,27,3,1011.96,NULL,5,504);
INSERT INTO "lancamento" VALUES(403,NULL,1323140400000,27,3,882.0,NULL,3,508);
INSERT INTO "lancamento" VALUES(404,NULL,1323226800000,16,3,35.0,NULL,9,512);
INSERT INTO "lancamento" VALUES(405,NULL,1323226800000,3,16,4.99,NULL,10,515);
INSERT INTO "lancamento" VALUES(406,NULL,1324350000000,3,11,68.97,NULL,5,542);
INSERT INTO "lancamento" VALUES(407,NULL,1324609200000,3,5,317.04,NULL,5,547);
INSERT INTO "lancamento" VALUES(408,NULL,1325041200000,27,3,1535.2,NULL,5,554);
INSERT INTO "lancamento" VALUES(409,NULL,1325818800000,3,4,550.0,NULL,1,583);
INSERT INTO "lancamento" VALUES(410,NULL,1326078000000,3,20,11.98,NULL,1,586);
INSERT INTO "lancamento" VALUES(411,NULL,1326423600000,27,3,1720.0,NULL,2,592);
INSERT INTO "lancamento" VALUES(412,NULL,1326855600000,3,36,179.0,NULL,3,600);
INSERT INTO "lancamento" VALUES(413,NULL,1327546800000,3,15,317.04,NULL,3,614);
INSERT INTO "lancamento" VALUES(414,NULL,1327892400000,27,3,2836.05,NULL,2,617);
INSERT INTO "lancamento" VALUES(415,NULL,1329102000000,17,4,0.2,'Dinheiro p o onibus amanha',1,NULL);
INSERT INTO "lancamento" VALUES(416,NULL,1329102000000,4,7,2.9,NULL,3,NULL);
INSERT INTO "lancamento" VALUES(417,NULL,1329102000000,3,4,10.0,NULL,4,NULL);
INSERT INTO "lancamento" VALUES(418,NULL,1329102000000,4,7,9.75,NULL,5,NULL);
INSERT INTO "lancamento" VALUES(419,NULL,1329188400000,3,4,50.0,NULL,4,NULL);
INSERT INTO "lancamento" VALUES(420,NULL,1329188400000,4,7,12.0,NULL,5,NULL);
INSERT INTO "lancamento" VALUES(421,NULL,1329274800000,4,7,9.65,NULL,2,NULL);
INSERT INTO "lancamento" VALUES(422,NULL,1329274800000,1,6,81.15,NULL,3,NULL);
INSERT INTO "lancamento" VALUES(423,NULL,1329274800000,4,7,2.9,NULL,4,NULL);
INSERT INTO "lancamento" VALUES(424,NULL,1329361200000,4,7,12.5,NULL,2,NULL);
INSERT INTO "lancamento" VALUES(425,NULL,1329447600000,3,1,1800.0,'Ch AA-000005',1,NULL);
INSERT INTO "lancamento" VALUES(426,NULL,1329447600000,4,7,5.8,NULL,3,NULL);
INSERT INTO "lancamento" VALUES(427,NULL,1329447600000,3,4,20.0,NULL,4,NULL);
INSERT INTO "lancamento" VALUES(428,NULL,1329393600000,3,16,23.0,'Cinema',2,NULL);
INSERT INTO "lancamento" VALUES(429,NULL,1329361200000,1,16,155.0,'Seguro notebook Thais + Galaxy 1/2',4,NULL);
INSERT INTO "lancamento" VALUES(430,NULL,1329534000000,4,18,1045.35,'Saldo em 18/Feb/2012',1,NULL);
INSERT INTO "lancamento" VALUES(431,NULL,1329706800000,4,9,5.0,NULL,1,NULL);
INSERT INTO "lancamento" VALUES(432,NULL,1329534000000,3,9,15.75,NULL,2,NULL);
INSERT INTO "lancamento" VALUES(433,NULL,1329534000000,3,16,11.5,'Entrada de cinema para a Thais',3,NULL);
INSERT INTO "lancamento" VALUES(434,NULL,1329534000000,3,16,11.5,'Entrada de cinema para o Marcos',4,NULL);
INSERT INTO "lancamento" VALUES(435,NULL,1329534000000,3,9,21.66,'Lanche para a Thais',5,NULL);
INSERT INTO "lancamento" VALUES(436,NULL,1336618800000,18,4,9.05,'Valor em carteira: 26,00',1,NULL);
INSERT INTO "lancamento" VALUES(437,NULL,1336705200000,3,18,1912.4,'Saldo Itau: 9584.87 em 11/may',1,NULL);
INSERT INTO "lancamento" VALUES(438,NULL,1336705200000,1,18,3394.99,'Saldo Santander: 2.18 em 11/may',2,NULL);
INSERT INTO "lancamento" VALUES(439,NULL,1336791600000,4,7,6.2,'Bilhetes de Trolebus, fui na consulta na Heviclaire na Vila Gilda',1,NULL);
INSERT INTO "lancamento" VALUES(440,NULL,1336791600000,3,8,10.9,'Almocei Pizza Hut',2,NULL);
INSERT INTO "lancamento" VALUES(441,NULL,1336791600000,3,9,5.89,'Cappucino',3,NULL);
INSERT INTO "lancamento" VALUES(442,NULL,1336791600000,3,4,70.0,NULL,4,NULL);
INSERT INTO "lancamento" VALUES(443,NULL,1336791600000,4,17,70.0,'Dinheiro para a feira',5,NULL);
INSERT INTO "lancamento" VALUES(444,NULL,1336791600000,3,17,3.38,'Pao na Coop',6,NULL);
INSERT INTO "lancamento" VALUES(445,NULL,1336791600000,4,17,6.0,'Passagem da mãe para pegar o meu remedio segunda',7,NULL);
INSERT INTO "lancamento" VALUES(446,NULL,1337137200000,3,8,11.32,NULL,1,NULL);
INSERT INTO "lancamento" VALUES(447,NULL,1337137200000,3,4,200.0,NULL,2,NULL);
INSERT INTO "lancamento" VALUES(448,NULL,1337137200000,4,1,200.0,NULL,3,NULL);
INSERT INTO "lancamento" VALUES(449,NULL,1337050800000,3,4,60.0,NULL,1,NULL);
INSERT INTO "lancamento" VALUES(450,NULL,1337050800000,3,8,12.4,NULL,2,NULL);
INSERT INTO "lancamento" VALUES(451,NULL,1337050800000,3,10,36.48,NULL,3,NULL);
INSERT INTO "lancamento" VALUES(452,NULL,1337050800000,4,17,60.0,'Pagto do omeprazol para a Thais e passagem para a mãe pegar o outro remedio',4,NULL);
INSERT INTO "lancamento" VALUES(453,NULL,1336964400000,3,8,13.2,NULL,1,NULL);
INSERT INTO "lancamento" VALUES(454,NULL,1336964400000,3,4,70.0,NULL,2,NULL);
INSERT INTO "lancamento" VALUES(455,NULL,1337137200000,3,18,122.52,'Saldo Itau em 16/Mai: 8968.78',4,NULL);
INSERT INTO "lancamento" VALUES(456,NULL,1337223600000,3,4,150.0,NULL,1,NULL);
INSERT INTO "lancamento" VALUES(457,NULL,1337137200000,1,31,158.0,NULL,5,NULL);
INSERT INTO "lancamento" VALUES(458,NULL,1337137200000,4,9,3.75,NULL,6,NULL);
INSERT INTO "lancamento" VALUES(460,NULL,1337223600000,3,8,11.32,NULL,2,NULL);
INSERT INTO "lancamento" VALUES(461,NULL,1337223600000,4,1,150.0,NULL,3,NULL);
INSERT INTO "lancamento" VALUES(462,NULL,1337310000000,3,8,11.74,NULL,1,NULL);
INSERT INTO "lancamento" VALUES(463,NULL,1337655600000,3,8,14.8,NULL,1,NULL);
INSERT INTO "lancamento" VALUES(464,NULL,1337742000000,3,8,16.0,NULL,1,NULL);
INSERT INTO "lancamento" VALUES(465,NULL,1337655600000,4,16,7.0,'Esmola',2,NULL);
INSERT INTO "lancamento" VALUES(466,NULL,1337655600000,4,9,4.0,'Suspiro na estação',3,NULL);
INSERT INTO "lancamento" VALUES(467,NULL,1337828400000,3,8,11.0,NULL,1,NULL);
INSERT INTO "lancamento" VALUES(468,NULL,1338174000000,3,8,15.6,NULL,1,NULL);
INSERT INTO "lancamento" VALUES(469,NULL,1338260400000,3,8,13.39,NULL,1,NULL);
INSERT INTO "lancamento" VALUES(470,NULL,1306638000000,37,38,0.0,NULL,1,NULL);
INSERT INTO "lancamento" VALUES(471,NULL,1309316400000,37,38,0.0,NULL,1,NULL);
INSERT INTO "lancamento" VALUES(472,NULL,1311908400000,37,38,0.0,NULL,1,NULL);
INSERT INTO "lancamento" VALUES(473,NULL,1306638000000,37,38,102.34,'Parcela 1/3',2,NULL);
INSERT INTO "lancamento" VALUES(474,NULL,1306638000000,37,38,102.34,'Parcela 1/3',3,NULL);
INSERT INTO "lancamento" VALUES(475,NULL,1338260400000,37,38,102.34,'Parcela 1/3',2,NULL);
INSERT INTO "lancamento" VALUES(476,NULL,1338260400000,37,38,102.33,'Parcela 2/3',3,NULL);
INSERT INTO "lancamento" VALUES(477,NULL,1338260400000,37,38,102.33,'Parcela 3/3',4,NULL);
INSERT INTO "lancamento" VALUES(478,NULL,1338346800000,3,8,8.23,NULL,1,NULL);
INSERT INTO "lancamento" VALUES(479,NULL,1338433200000,3,8,11.9,NULL,1,NULL);
INSERT INTO "lancamento" VALUES(480,NULL,1338346800000,3,4,80.0,NULL,2,NULL);
INSERT INTO "lancamento" VALUES(481,NULL,1338346800000,4,7,60.0,'Bilhetes de trem',3,NULL);
INSERT INTO "lancamento" VALUES(482,NULL,1338519600000,3,8,18.15,NULL,1,NULL);
INSERT INTO "lancamento" VALUES(483,NULL,1339383600000,3,8,12.9,NULL,1,NULL);
INSERT INTO "lancamento" VALUES(484,NULL,1339556400000,3,8,11.38,NULL,1,NULL);
INSERT INTO "lancamento" VALUES(485,NULL,1339642800000,3,8,6.72,NULL,1,NULL);
INSERT INTO "lancamento" VALUES(486,NULL,1331694000000,3,4,450.0,NULL,1,NULL);
INSERT INTO "lancamento" VALUES(487,NULL,1331694000000,4,7,6.7,'Urubupunga',2,NULL);
INSERT INTO "lancamento" VALUES(488,NULL,1331694000000,4,7,2.9,NULL,3,NULL);
INSERT INTO "lancamento" VALUES(489,NULL,1331866800000,3,9,2.9,NULL,1,NULL);
INSERT INTO "lancamento" VALUES(490,NULL,1331953200000,4,7,3.0,NULL,1,NULL);
INSERT INTO "lancamento" VALUES(491,NULL,1332039600000,4,7,18.0,'Bilhetes de metro',1,NULL);
INSERT INTO "lancamento" VALUES(492,NULL,1332039600000,4,7,30.0,'Bilhetes de trem',2,NULL);
INSERT INTO "lancamento" VALUES(493,NULL,1332039600000,3,4,50.0,NULL,3,NULL);
INSERT INTO "lancamento" VALUES(494,NULL,1332817200000,4,7,3.0,NULL,1,NULL);
INSERT INTO "lancamento" VALUES(495,NULL,1334458800000,3,4,120.0,'Lançamento no formato: Ainda teve 120 p carregar o cartao, e mais dinheiro p a mae semana passada',1,NULL);
INSERT INTO "lancamento" VALUES(496,NULL,1334458800000,4,7,30.0,'bilhetes de trem',2,NULL);
INSERT INTO "lancamento" VALUES(497,NULL,1334458800000,3,4,30.0,'bilhetes de metro',3,NULL);
INSERT INTO "lancamento" VALUES(498,NULL,1334545200000,4,7,5.8,'passagens de onibus de SA',1,NULL);
INSERT INTO "lancamento" VALUES(499,NULL,1334545200000,4,7,30.0,'bilhetes de metro',2,NULL);
INSERT INTO "lancamento" VALUES(500,NULL,1334545200000,3,4,50.0,NULL,3,NULL);
INSERT INTO "lancamento" VALUES(501,NULL,1334545200000,3,16,6.04,'escova de dente e leite p o cupcake do fabio',4,NULL);
INSERT INTO "lancamento" VALUES(502,NULL,1334545200000,3,8,12.9,NULL,5,NULL);
INSERT INTO "lancamento" VALUES(503,NULL,1334631600000,1,16,26.6,'mat p arrumar descarga do banheiro',1,NULL);
INSERT INTO "lancamento" VALUES(504,NULL,1334631600000,1,16,141.4,'compra da descarga nova do banheiro',2,NULL);
INSERT INTO "lancamento" VALUES(505,NULL,1334631600000,4,7,122.0,'recarga do cartao AESA, pela mae',3,NULL);
INSERT INTO "lancamento" VALUES(506,NULL,1334631600000,3,16,169.58,'pagto da segunda parc do seg do note',4,NULL);
INSERT INTO "lancamento" VALUES(507,NULL,1334631600000,3,8,17.63,NULL,5,NULL);
INSERT INTO "lancamento" VALUES(508,NULL,1334631600000,4,7,5.8,NULL,6,NULL);
INSERT INTO "lancamento" VALUES(509,NULL,1334718000000,3,8,15.4,NULL,1,NULL);
INSERT INTO "lancamento" VALUES(510,NULL,1334804400000,4,9,3.0,'negresco',1,NULL);
INSERT INTO "lancamento" VALUES(511,NULL,1334804400000,3,4,100.0,'pagto do pedreiro',2,NULL);
INSERT INTO "lancamento" VALUES(512,NULL,1334804400000,3,8,12.28,NULL,3,NULL);
INSERT INTO "lancamento" VALUES(513,NULL,1334890800000,3,8,19.9,NULL,1,NULL);
INSERT INTO "lancamento" VALUES(514,NULL,1335150000000,4,17,40.0,NULL,1,NULL);
INSERT INTO "lancamento" VALUES(515,NULL,1335150000000,3,4,40.0,NULL,2,NULL);
INSERT INTO "lancamento" VALUES(516,NULL,1335150000000,3,8,15.6,NULL,3,NULL);
INSERT INTO "lancamento" VALUES(517,NULL,1335150000000,3,1,1100.0,NULL,4,NULL);
INSERT INTO "lancamento" VALUES(518,NULL,1335236400000,3,15,341.4,NULL,1,NULL);
INSERT INTO "lancamento" VALUES(519,NULL,1335236400000,3,8,13.72,NULL,2,NULL);
INSERT INTO "lancamento" VALUES(520,NULL,1335322800000,4,9,0.5,NULL,1,NULL);
INSERT INTO "lancamento" VALUES(521,NULL,1335322800000,3,8,13.9,NULL,2,NULL);
INSERT INTO "lancamento" VALUES(522,NULL,1335409200000,4,9,2.4,'coxinha',1,NULL);
INSERT INTO "lancamento" VALUES(523,NULL,1335409200000,4,7,6.0,'Bilhetes de metro',2,NULL);
INSERT INTO "lancamento" VALUES(524,NULL,1335409200000,3,8,16.6,NULL,3,NULL);
INSERT INTO "lancamento" VALUES(525,NULL,1335495600000,3,8,11.93,NULL,1,NULL);
INSERT INTO "lancamento" VALUES(526,NULL,1335582000000,3,16,25.38,'shampoo',1,NULL);
INSERT INTO "lancamento" VALUES(527,NULL,1335582000000,3,31,16.81,'solucao lacrimal',2,NULL);
INSERT INTO "lancamento" VALUES(528,NULL,1335582000000,3,16,24.9,'guarda chuva',3,NULL);
INSERT INTO "lancamento" VALUES(529,NULL,1335582000000,4,16,2.5,'durepoxi',4,NULL);
INSERT INTO "lancamento" VALUES(530,NULL,1335582000000,3,16,27.3,'lampada, ferro de solda e estanho',5,NULL);
INSERT INTO "lancamento" VALUES(531,NULL,1335582000000,3,4,100.0,NULL,6,NULL);
INSERT INTO "lancamento" VALUES(532,NULL,1335668400000,3,9,9.9,NULL,1,NULL);
INSERT INTO "lancamento" VALUES(533,NULL,1335668400000,3,9,4.0,NULL,2,NULL);
INSERT INTO "lancamento" VALUES(534,NULL,1335754800000,3,16,22.11,'coop',1,NULL);
INSERT INTO "lancamento" VALUES(535,NULL,1335754800000,3,16,19.0,'ferro de solda',2,NULL);
INSERT INTO "lancamento" VALUES(536,NULL,1335754800000,3,1,400.0,NULL,3,NULL);
INSERT INTO "lancamento" VALUES(537,NULL,1335927600000,3,8,20.26,NULL,1,NULL);
INSERT INTO "lancamento" VALUES(538,NULL,1335927600000,3,7,21.86,'Verificar, este lançamento estava na forma da seguinte observação: Lancar os 21,86 do cartao de credito',2,NULL);
INSERT INTO "lancamento" VALUES(539,NULL,1336014000000,3,4,60.0,NULL,1,NULL);
INSERT INTO "lancamento" VALUES(540,NULL,1336014000000,3,8,13.56,NULL,2,NULL);
INSERT INTO "lancamento" VALUES(541,NULL,1336100400000,3,8,13.9,NULL,1,NULL);
INSERT INTO "lancamento" VALUES(542,NULL,1336186800000,3,9,8.0,'dois mattes',1,NULL);
INSERT INTO "lancamento" VALUES(543,NULL,1336186800000,4,7,30.0,NULL,2,NULL);
INSERT INTO "lancamento" VALUES(544,NULL,1336186800000,3,4,40.0,NULL,3,NULL);
INSERT INTO "lancamento" VALUES(545,NULL,1336273200000,3,4,2.99,NULL,1,NULL);
INSERT INTO "lancamento" VALUES(546,NULL,1336273200000,3,9,12.26,NULL,2,NULL);
INSERT INTO "lancamento" VALUES(547,NULL,1336359600000,4,17,30.0,NULL,1,NULL);
INSERT INTO "lancamento" VALUES(548,NULL,1336359600000,4,9,1.5,NULL,2,NULL);
INSERT INTO "lancamento" VALUES(549,NULL,1336359600000,4,8,13.7,NULL,3,NULL);
INSERT INTO "lancamento" VALUES(550,NULL,1336446000000,3,8,15.5,NULL,1,NULL);
INSERT INTO "lancamento" VALUES(551,NULL,1336532400000,4,7,150.0,'Carga de 50 creditos no cartao AESA',1,NULL);
INSERT INTO "lancamento" VALUES(552,NULL,1336532400000,4,7,3.0,'bilhete de metro',2,NULL);
INSERT INTO "lancamento" VALUES(553,NULL,1336532400000,3,4,170.0,NULL,3,NULL);
INSERT INTO "lancamento" VALUES(554,NULL,1336532400000,3,8,22.6,NULL,4,NULL);
INSERT INTO "lancamento" VALUES(555,NULL,1336532400000,4,7,3.0,'bilhete de trem, esqueci de deixar na carteira hoje',5,NULL);
INSERT INTO "lancamento" VALUES(556,NULL,1336618800000,3,6,103.38,NULL,2,NULL);
INSERT INTO "lancamento" VALUES(557,NULL,1336618800000,3,24,145.44,'Oi',3,NULL);
INSERT INTO "lancamento" VALUES(558,NULL,1336618800000,3,9,3.7,NULL,4,NULL);
INSERT INTO "lancamento" VALUES(559,NULL,1336618800000,3,8,7.52,NULL,5,NULL);
INSERT INTO "lancamento" VALUES(560,NULL,1336618800000,4,7,2.9,NULL,6,NULL);
INSERT INTO "lancamento" VALUES(561,NULL,1336705200000,3,8,13.08,NULL,3,NULL);
INSERT INTO "lancamento" VALUES(562,NULL,1336705200000,4,1,420.0,NULL,4,NULL);
INSERT INTO "lancamento" VALUES(563,NULL,1336705200000,3,4,420.0,NULL,5,NULL);
INSERT INTO "lancamento" VALUES(564,NULL,1337396400000,3,16,45.0,'fone bluetooth',1,NULL);
INSERT INTO "lancamento" VALUES(565,NULL,1337396400000,4,7,6.0,'bilhete de trem/metro',2,NULL);
INSERT INTO "lancamento" VALUES(566,NULL,1337396400000,3,9,13.61,'lanche da tarde no sky asia',3,NULL);
INSERT INTO "lancamento" VALUES(567,NULL,1337396400000,3,16,32.0,'entrada p eu e a Eli',4,NULL);
INSERT INTO "lancamento" VALUES(568,NULL,1337396400000,3,9,6.0,'cappucino p eu e a De',5,NULL);
INSERT INTO "lancamento" VALUES(569,NULL,1337396400000,4,7,6.0,NULL,6,NULL);
INSERT INTO "lancamento" VALUES(570,NULL,1337482800000,3,9,11.9,NULL,1,NULL);
INSERT INTO "lancamento" VALUES(571,NULL,1337482800000,3,9,15.9,NULL,2,NULL);
INSERT INTO "lancamento" VALUES(572,NULL,1337569200000,3,8,9.89,NULL,1,NULL);
INSERT INTO "lancamento" VALUES(573,NULL,1337569200000,4,1,412.6,NULL,2,NULL);
INSERT INTO "lancamento" VALUES(574,NULL,1337569200000,3,4,420.0,NULL,3,NULL);
INSERT INTO "lancamento" VALUES(576,NULL,1338606000000,4,7,3.0,'bilhete de trolebus p o churrasco do Rodrigo (ja tinha um bilhete na carteira)',1,NULL);
INSERT INTO "lancamento" VALUES(577,NULL,1338692400000,3,9,24.0,'lanche c a Elis',1,NULL);
INSERT INTO "lancamento" VALUES(578,NULL,1338692400000,4,7,6.0,'bilhetes de trem p ir ver a Elis',2,NULL);
INSERT INTO "lancamento" VALUES(579,NULL,1338778800000,4,7,60.0,NULL,1,NULL);
INSERT INTO "lancamento" VALUES(580,NULL,1338778800000,3,4,60.0,NULL,2,NULL);
INSERT INTO "lancamento" VALUES(581,NULL,1338778800000,3,9,7.2,NULL,3,NULL);
INSERT INTO "lancamento" VALUES(582,NULL,1338778800000,3,8,15.75,NULL,4,NULL);
INSERT INTO "lancamento" VALUES(583,NULL,1338865200000,3,16,6.35,'Desodorante',1,NULL);
INSERT INTO "lancamento" VALUES(584,NULL,1338865200000,3,8,14.4,NULL,2,NULL);
INSERT INTO "lancamento" VALUES(585,NULL,1338951600000,3,8,7.78,NULL,1,NULL);
INSERT INTO "lancamento" VALUES(586,NULL,1339038000000,4,9,7.8,NULL,1,NULL);
INSERT INTO "lancamento" VALUES(587,NULL,1339038000000,3,9,28.5,NULL,2,NULL);
INSERT INTO "lancamento" VALUES(588,NULL,1339124400000,4,7,3.0,NULL,1,NULL);
INSERT INTO "lancamento" VALUES(589,NULL,1339124400000,4,7,116.0,NULL,2,NULL);
INSERT INTO "lancamento" VALUES(590,NULL,1339124400000,3,4,120.0,NULL,3,NULL);
INSERT INTO "lancamento" VALUES(591,NULL,1339124400000,3,9,11.9,NULL,4,NULL);
INSERT INTO "lancamento" VALUES(592,NULL,1339210800000,3,9,20.53,NULL,1,NULL);
INSERT INTO "lancamento" VALUES(593,NULL,1339210800000,3,16,49.0,'livro pra elis',2,NULL);
INSERT INTO "lancamento" VALUES(594,NULL,1339297200000,3,9,8.3,NULL,1,NULL);
INSERT INTO "lancamento" VALUES(595,NULL,1339297200000,3,16,16.9,'Universo numa casca de noz',2,NULL);
INSERT INTO "lancamento" VALUES(596,NULL,1339297200000,3,9,33.0,'roasted potato',3,NULL);
INSERT INTO "lancamento" VALUES(597,NULL,1339729200000,3,8,8.51,NULL,1,NULL);
INSERT INTO "lancamento" VALUES(598,NULL,1339729200000,4,1,82.05,NULL,2,NULL);
INSERT INTO "lancamento" VALUES(599,NULL,1339729200000,4,6,489.8,NULL,3,NULL);
INSERT INTO "lancamento" VALUES(600,NULL,1339729200000,3,4,580.0,NULL,4,NULL);
INSERT INTO "lancamento" VALUES(601,NULL,1339815600000,4,7,2.9,NULL,1,NULL);
INSERT INTO "lancamento" VALUES(602,NULL,1339815600000,4,9,2.0,'agua',2,NULL);
INSERT INTO "lancamento" VALUES(603,NULL,1339815600000,3,9,9.0,'cervejas',3,NULL);
INSERT INTO "lancamento" VALUES(604,NULL,1339815600000,3,9,9.0,'misto+porcao batatas',4,NULL);
INSERT INTO "lancamento" VALUES(605,NULL,1339815600000,3,9,12.8,NULL,5,NULL);
INSERT INTO "lancamento" VALUES(606,NULL,1339815600000,4,7,6.0,NULL,6,NULL);
INSERT INTO "lancamento" VALUES(607,NULL,1339902000000,3,9,4.6,'Agua d coco',1,NULL);
INSERT INTO "lancamento" VALUES(608,NULL,1339988400000,4,17,16.0,'dinheiro p pegar o allstar e a passagem da mae',1,NULL);
INSERT INTO "lancamento" VALUES(609,NULL,1339988400000,4,31,44.0,'omeprazol',2,NULL);
INSERT INTO "lancamento" VALUES(610,NULL,1339988400000,3,9,5.3,NULL,3,NULL);
INSERT INTO "lancamento" VALUES(611,NULL,1339988400000,3,4,60.0,NULL,4,NULL);
INSERT INTO "lancamento" VALUES(612,NULL,1339988400000,8,4,1.6,NULL,5,NULL);
INSERT INTO "lancamento" VALUES(613,NULL,1339988400000,3,8,15.5,NULL,6,NULL);
INSERT INTO "lancamento" VALUES(614,NULL,1340074800000,4,9,1.25,NULL,1,NULL);
INSERT INTO "lancamento" VALUES(615,NULL,1340074800000,3,9,13.82,NULL,2,NULL);
INSERT INTO "lancamento" VALUES(616,NULL,1340074800000,3,8,14.67,NULL,3,NULL);
INSERT INTO "lancamento" VALUES(617,NULL,1340161200000,3,21,69.9,'Claro',1,NULL);
INSERT INTO "lancamento" VALUES(618,NULL,1340161200000,3,8,11.48,NULL,2,NULL);
INSERT INTO "lancamento" VALUES(619,NULL,1340247600000,3,8,11.32,NULL,1,NULL);
INSERT INTO "lancamento" VALUES(620,NULL,1340334000000,3,9,8.9,NULL,1,NULL);
INSERT INTO "lancamento" VALUES(621,NULL,1340334000000,3,8,11.64,NULL,2,NULL);
INSERT INTO "lancamento" VALUES(622,NULL,1340420400000,3,9,11.4,NULL,1,NULL);
INSERT INTO "lancamento" VALUES(623,NULL,1340420400000,4,7,12.0,'Bilhetes para a Elis',2,NULL);
INSERT INTO "lancamento" VALUES(624,NULL,1340420400000,3,4,20.0,NULL,3,NULL);
INSERT INTO "lancamento" VALUES(625,NULL,1340506800000,3,9,8.9,'doces',1,NULL);
INSERT INTO "lancamento" VALUES(626,NULL,1340506800000,3,9,9.9,'pizza',2,NULL);
INSERT INTO "lancamento" VALUES(627,NULL,1340506800000,3,9,17.0,'milk shakes',3,NULL);
INSERT INTO "lancamento" VALUES(628,NULL,1340506800000,4,7,3.0,NULL,4,NULL);
INSERT INTO "lancamento" VALUES(629,NULL,1340593200000,3,8,11.01,NULL,1,NULL);
INSERT INTO "lancamento" VALUES(630,NULL,1340679600000,3,8,13.54,NULL,1,NULL);
INSERT INTO "lancamento" VALUES(631,NULL,1340766000000,3,8,17.55,NULL,1,NULL);
INSERT INTO "lancamento" VALUES(632,NULL,1340766000000,3,16,17.43,'escovas e pasta de dente',2,NULL);
INSERT INTO "lancamento" VALUES(633,NULL,1340852400000,3,8,12.79,NULL,1,NULL);
INSERT INTO "lancamento" VALUES(634,NULL,1340938800000,3,8,15.4,NULL,1,NULL);
INSERT INTO "lancamento" VALUES(635,NULL,1341025200000,3,8,11.9,NULL,1,NULL);
INSERT INTO "lancamento" VALUES(636,NULL,1341025200000,3,31,28.55,'remedios para gripe',2,NULL);
INSERT INTO "lancamento" VALUES(637,NULL,1341111600000,3,16,6.0,'Creditos para o Fliperama',1,NULL);
INSERT INTO "lancamento" VALUES(638,NULL,1341111600000,3,16,16.0,'Creditos para o fliperama',2,NULL);
INSERT INTO "lancamento" VALUES(639,NULL,1341111600000,3,9,3.0,'Garrafa de agua',3,NULL);
INSERT INTO "lancamento" VALUES(640,NULL,1341111600000,3,8,29.83,'Paguei para a Elis tambem',4,NULL);
INSERT INTO "lancamento" VALUES(641,NULL,1341111600000,3,9,3.75,'Chocolates',5,NULL);
INSERT INTO "lancamento" VALUES(642,NULL,1341198000000,4,7,180.0,'Recarga do cartão aesa',1,NULL);
INSERT INTO "lancamento" VALUES(643,NULL,1341284400000,4,7,3.0,'Bilhete de metro',1,NULL);
INSERT INTO "lancamento" VALUES(644,NULL,1341284400000,4,7,3.0,'Bilhete de trem',2,NULL);
INSERT INTO "lancamento" VALUES(645,NULL,1341284400000,3,8,13.9,NULL,3,NULL);
INSERT INTO "lancamento" VALUES(646,NULL,1341284400000,3,9,19.35,'janta no japones',4,NULL);
INSERT INTO "lancamento" VALUES(647,NULL,1341284400000,3,31,29.6,'remedios para gripe',5,NULL);
INSERT INTO "lancamento" VALUES(648,NULL,1341370800000,4,7,120.0,'bilhetes de trem',1,NULL);
INSERT INTO "lancamento" VALUES(649,NULL,1341370800000,3,4,120.0,NULL,2,NULL);
INSERT INTO "lancamento" VALUES(650,NULL,1341370800000,4,7,3.0,'Bilhetes de trem',3,NULL);
INSERT INTO "lancamento" VALUES(651,NULL,1341370800000,3,8,13.97,NULL,4,NULL);
INSERT INTO "lancamento" VALUES(652,NULL,1341457200000,3,9,2.89,'troca da garrafa de água',1,NULL);
INSERT INTO "lancamento" VALUES(653,NULL,1341457200000,3,8,15.19,NULL,2,NULL);
INSERT INTO "lancamento" VALUES(654,NULL,1341543600000,3,8,9.46,NULL,1,NULL);
INSERT INTO "lancamento" VALUES(655,NULL,1341543600000,3,23,123.48,NULL,2,NULL);
INSERT INTO "lancamento" VALUES(656,NULL,1341716400000,4,7,6.0,NULL,1,NULL);
INSERT INTO "lancamento" VALUES(657,NULL,1341716400000,4,9,1.0,'Chiclete',2,NULL);
INSERT INTO "lancamento" VALUES(658,NULL,1341716400000,3,9,20.8,NULL,3,NULL);
INSERT INTO "lancamento" VALUES(659,NULL,1341716400000,3,16,6.0,'créditos de fliperama',4,NULL);
INSERT INTO "lancamento" VALUES(660,NULL,1341716400000,3,16,6.0,'créditos de fliperama',5,NULL);
INSERT INTO "lancamento" VALUES(661,NULL,1341716400000,3,9,9.44,'Xícara 0 Chopp de vinho',6,NULL);
INSERT INTO "lancamento" VALUES(662,NULL,1341716400000,3,9,14.8,'Roasted potato',7,NULL);
INSERT INTO "lancamento" VALUES(663,NULL,1341802800000,3,16,16.0,'playland',1,NULL);
INSERT INTO "lancamento" VALUES(664,NULL,1341802800000,3,9,3.7,NULL,2,NULL);
INSERT INTO "lancamento" VALUES(665,NULL,1341802800000,3,9,3.7,NULL,3,NULL);
INSERT INTO "lancamento" VALUES(666,NULL,1341802800000,4,9,1.0,'chocolate',4,NULL);
INSERT INTO "lancamento" VALUES(667,NULL,1341802800000,3,17,2.37,'pao',5,NULL);
INSERT INTO "lancamento" VALUES(668,NULL,1341889200000,3,4,20.0,NULL,1,NULL);
INSERT INTO "lancamento" VALUES(669,NULL,1341889200000,4,16,17.0,'Cadeado',2,NULL);
INSERT INTO "lancamento" VALUES(670,NULL,1341975600000,3,5,63.25,NULL,1,NULL);
INSERT INTO "lancamento" VALUES(671,NULL,1341975600000,3,4,580.0,NULL,2,NULL);
INSERT INTO "lancamento" VALUES(672,NULL,1341975600000,4,6,581.56,NULL,3,NULL);
INSERT INTO "lancamento" VALUES(673,NULL,1342062000000,3,8,5.4,NULL,1,NULL);
INSERT INTO "lancamento" VALUES(674,NULL,1342062000000,4,16,1.0,'sabonete',2,NULL);
INSERT INTO "lancamento" VALUES(675,NULL,1342148400000,4,9,2.5,'goiabinhas',1,NULL);
INSERT INTO "lancamento" VALUES(676,NULL,1342234800000,4,7,2.5,NULL,1,NULL);
INSERT INTO "lancamento" VALUES(677,NULL,1342234800000,3,9,10.9,'Pizza com a Elis',2,NULL);
INSERT INTO "lancamento" VALUES(678,NULL,1342234800000,3,9,16.0,'Bobs',3,NULL);
INSERT INTO "lancamento" VALUES(679,NULL,1342234800000,3,16,16.0,'Fliperama',4,NULL);
INSERT INTO "lancamento" VALUES(680,NULL,1342234800000,3,9,3.7,'Salgado',5,NULL);
INSERT INTO "lancamento" VALUES(681,NULL,1342321200000,3,16,119.0,'Jaqueta',1,NULL);
INSERT INTO "lancamento" VALUES(682,NULL,1342321200000,3,9,14.0,'2 Folhados',2,NULL);
INSERT INTO "lancamento" VALUES(683,NULL,1342321200000,3,16,12.78,'Camisinhas',3,NULL);
INSERT INTO "lancamento" VALUES(684,NULL,1342321200000,3,16,30.0,'Motel',4,NULL);
INSERT INTO "lancamento" VALUES(685,NULL,1342407600000,3,4,20.0,NULL,1,NULL);
INSERT INTO "lancamento" VALUES(686,NULL,1342407600000,4,9,5.0,NULL,2,NULL);
INSERT INTO "lancamento" VALUES(687,NULL,1342407600000,3,8,17.91,NULL,3,NULL);
INSERT INTO "lancamento" VALUES(689,NULL,1342666800000,4,16,1.0,'Chip da Vivo',1,NULL);
INSERT INTO "lancamento" VALUES(690,NULL,1342839600000,3,9,6.9,'Milk shake de Cappucino',1,NULL);
INSERT INTO "lancamento" VALUES(691,NULL,1342839600000,4,9,1.25,'Chocolate',2,NULL);
INSERT INTO "lancamento" VALUES(692,NULL,1342839600000,4,16,0.75,'Casa',3,NULL);
INSERT INTO "lancamento" VALUES(693,NULL,1342926000000,3,4,70.0,NULL,1,NULL);
INSERT INTO "lancamento" VALUES(694,NULL,1342926000000,4,39,6.0,NULL,2,NULL);
INSERT INTO "lancamento" VALUES(695,NULL,1342926000000,3,9,10.0,'Sundays',3,NULL);
INSERT INTO "lancamento" VALUES(696,NULL,1342926000000,3,9,46.2,'Bella Paulista',4,NULL);
INSERT INTO "lancamento" VALUES(697,NULL,1342926000000,4,17,50.0,'Sapato da mãe',5,NULL);
INSERT INTO "lancamento" VALUES(698,NULL,1343012400000,37,16,128.98,'Teclado do note',1,NULL);
INSERT INTO "lancamento" VALUES(699,NULL,1343098800000,4,9,2.0,'Chiclete',1,NULL);
INSERT INTO "lancamento" VALUES(700,NULL,1343098800000,3,9,11.9,'Burger King',2,NULL);
INSERT INTO "lancamento" VALUES(701,NULL,1343098800000,3,9,4.9,'Agua de Coco',3,NULL);
INSERT INTO "lancamento" VALUES(702,NULL,1343185200000,4,7,7.0,'Onibus',1,NULL);
INSERT INTO "lancamento" VALUES(703,NULL,1343185200000,3,9,5.6,NULL,2,NULL);
INSERT INTO "lancamento" VALUES(704,NULL,1343271600000,4,9,2.0,'Chocolate',1,NULL);
INSERT INTO "lancamento" VALUES(705,NULL,1343271600000,3,9,10.75,'Subway',2,NULL);
INSERT INTO "lancamento" VALUES(706,NULL,1343271600000,3,9,2.0,'Subway',3,NULL);
INSERT INTO "lancamento" VALUES(707,NULL,1343358000000,4,16,3.0,'Balada',1,NULL);
INSERT INTO "lancamento" VALUES(708,NULL,1343358000000,3,16,20.0,'Camiseta',2,NULL);
INSERT INTO "lancamento" VALUES(709,NULL,1343358000000,3,8,23.2,NULL,3,NULL);
INSERT INTO "lancamento" VALUES(710,NULL,1343444400000,3,16,11.5,'Museu de Ciências e Tecnologia da PUC',1,NULL);
INSERT INTO "lancamento" VALUES(711,NULL,1343444400000,3,8,41.8,'Janta',2,NULL);
INSERT INTO "lancamento" VALUES(712,NULL,1343530800000,4,7,4.3,'Onibus no aeroporto',1,NULL);
INSERT INTO "lancamento" VALUES(713,NULL,1343530800000,3,8,11.9,NULL,2,NULL);
INSERT INTO "lancamento" VALUES(714,NULL,1343530800000,4,9,6.9,NULL,3,NULL);
INSERT INTO "lancamento" VALUES(715,NULL,1343530800000,3,31,12.4,'Vermicida',4,NULL);
INSERT INTO "lancamento" VALUES(716,NULL,1343617200000,3,8,12.28,NULL,1,NULL);
INSERT INTO "lancamento" VALUES(717,NULL,1327892400000,3,16,183.0,'Ch AA-000002 - Taxi',3,NULL);
INSERT INTO "lancamento" VALUES(718,NULL,1328065200000,3,16,145.0,'Ch AA-000003 - Taxi',3,NULL);
INSERT INTO "lancamento" VALUES(720,NULL,1328583600000,3,16,180.0,'Ch AA-000004 - Taxi',5,NULL);
INSERT INTO "lancamento" VALUES(721,NULL,1331262000000,3,16,800.0,'Aluguel do apto',1,NULL);
INSERT INTO "lancamento" VALUES(722,NULL,1331521200000,3,41,3.99,'Não sei do que se trata esta movimentação',1,NULL);
INSERT INTO "lancamento" VALUES(723,NULL,1332039600000,3,41,56.01,'Não sei do que se trata esta movimentação',4,NULL);
INSERT INTO "lancamento" VALUES(724,NULL,1332039600000,3,8,23.26,NULL,5,NULL);
INSERT INTO "lancamento" VALUES(725,NULL,1332212400000,3,16,22.0,'Caderno para usar no hacklab',1,NULL);
INSERT INTO "lancamento" VALUES(726,NULL,1338865200000,3,15,341.4,NULL,3,NULL);
INSERT INTO "lancamento" VALUES(727,NULL,1342494000000,3,15,341.4,NULL,1,NULL);
INSERT INTO "lancamento" VALUES(728,NULL,1332817200000,1,3,1500.0,'Cheque 000007 - Devolvido',4,NULL);
INSERT INTO "lancamento" VALUES(729,NULL,1336705200000,3,41,192.8,NULL,6,NULL);
INSERT INTO "lancamento" VALUES(731,NULL,1340334000000,3,16,34.0,'Cinema',3,NULL);
INSERT INTO "lancamento" VALUES(732,NULL,1340420400000,3,8,16.9,NULL,4,NULL);
INSERT INTO "lancamento" VALUES(733,NULL,1340420400000,3,16,21.0,NULL,5,NULL);
INSERT INTO "lancamento" VALUES(734,NULL,1343790000000,3,4,60.0,NULL,1,NULL);
INSERT INTO "lancamento" VALUES(735,NULL,1344394800000,3,8,15.5,NULL,1,NULL);
INSERT INTO "lancamento" VALUES(736,NULL,1344308400000,4,7,2.9,'Estava com muito troco na carteira',1,NULL);
INSERT INTO "lancamento" VALUES(737,NULL,1344308400000,3,16,9.39,'Xampu',2,NULL);
INSERT INTO "lancamento" VALUES(738,NULL,1344308400000,3,9,4.5,'Cappucino',3,NULL);
INSERT INTO "lancamento" VALUES(739,NULL,1344222000000,3,9,4.9,NULL,1,NULL);
INSERT INTO "lancamento" VALUES(741,NULL,1344049200000,3,16,30.0,'Cubo mágico (profissional)',1,NULL);
INSERT INTO "lancamento" VALUES(742,NULL,1344049200000,3,9,16.0,NULL,2,NULL);
INSERT INTO "lancamento" VALUES(743,NULL,1344049200000,3,16,13.98,'Baralho de Uno e Polenguinho',3,NULL);
INSERT INTO "lancamento" VALUES(744,NULL,1344049200000,3,9,13.1,NULL,4,NULL);
INSERT INTO "lancamento" VALUES(745,NULL,1344049200000,3,9,14.24,NULL,5,NULL);
INSERT INTO "lancamento" VALUES(746,NULL,1344135600000,3,9,23.0,'Sorvetes',1,NULL);
INSERT INTO "lancamento" VALUES(747,NULL,1344135600000,3,16,21.0,'Fliperama',2,NULL);
INSERT INTO "lancamento" VALUES(748,NULL,1344135600000,3,16,10.0,'Fliperama',3,NULL);
INSERT INTO "lancamento" VALUES(749,NULL,1344135600000,4,9,8.4,NULL,4,NULL);
INSERT INTO "lancamento" VALUES(750,NULL,1348455600000,4,39,6.0,NULL,1,NULL);
INSERT INTO "lancamento" VALUES(751,NULL,1349146800000,4,9,2.5,NULL,1,NULL);
DELETE FROM sqlite_sequence;
INSERT INTO "sqlite_sequence" VALUES('conta',41);
INSERT INTO "sqlite_sequence" VALUES('extrato_arquivo',21);
INSERT INTO "sqlite_sequence" VALUES('extrato_referenciaextrato',39);
INSERT INTO "sqlite_sequence" VALUES('modelo_modelo',12);
INSERT INTO "sqlite_sequence" VALUES('extrato_lancamento',1064);
INSERT INTO "sqlite_sequence" VALUES('modelo_lancamento',147);
INSERT INTO "sqlite_sequence" VALUES('lancamento',751);
COMMIT;
